time,online_number
2018/6/25 10:30,444689
2018/6/25 10:40,448101
2018/6/25 10:50,454912
2018/6/25 11:00,461988
2018/6/25 11:10,454530
2018/6/25 11:20,466523
2018/6/25 11:30,482750
2018/6/25 11:40,477082
2018/6/25 11:50,476288
2018/6/25 12:00,487952
2018/6/25 12:10,484584
2018/6/25 12:20,492492
2018/6/25 12:30,492492
2018/6/25 12:40,492492
2018/6/25 12:50,492492
2018/6/25 13:00,502235
2018/6/25 13:10,494155
2018/6/25 13:20,494155
2018/6/25 13:30,494155
2018/6/25 14:00,499914
2018/6/25 14:10,483903
2018/6/25 14:20,491701
2018/6/25 14:30,497172
2018/6/25 14:40,486841
2018/6/25 14:50,486253
2018/6/25 15:00,494734
2018/6/25 15:10,485209
2018/6/25 15:20,486755
2018/6/25 15:30,491014
2018/6/25 15:40,496731
2018/6/25 15:50,481159
2018/6/25 16:00,478708
2018/6/25 16:10,488984
2018/6/25 16:20,478725
2018/6/25 16:30,480312
2018/6/25 16:40,489823
2018/6/25 16:50,487819
2018/6/25 17:00,484573
2018/6/25 17:10,499372
2018/6/25 17:20,488891
2018/6/25 17:30,501958
2018/6/25 17:40,500294
2018/6/25 17:50,506712
2018/6/25 18:00,513798
2018/6/25 18:10,509196
2018/6/25 18:20,523477
2018/6/25 18:30,525983
2018/6/25 18:40,537622
2018/6/25 18:50,540254
2018/6/25 19:00,563106
2018/6/25 19:10,558540
2018/6/25 19:20,573807
2018/6/25 19:30,587151
2018/6/25 19:40,596609
2018/6/25 19:50,630007
2018/6/25 20:00,616345
2018/6/25 20:10,513537
2018/6/25 20:20,555712
2018/6/25 20:30,555712
2018/6/25 20:40,555712
2018/6/25 20:50,555712
2018/6/25 21:00,601684
2018/6/25 21:10,503666
2018/6/25 21:20,510222
2018/6/25 21:30,555150
2018/6/25 21:40,563621
2018/6/25 21:50,622761
2018/6/25 22:00,611733
2018/6/25 22:10,467713
2018/6/25 22:20,526077
2018/6/25 22:30,646186
2018/6/25 22:40,669978
2018/6/25 22:50,666254
2018/6/25 23:00,653576
2018/6/25 23:10,632655
2018/6/25 23:20,611928
2018/6/25 23:30,618320
2018/6/25 23:40,586054
2018/6/25 23:50,582837
2018/6/26 0:00,574122
2018/6/26 0:10,535561
2018/6/26 0:20,546028
2018/6/26 0:30,517611
2018/6/26 0:40,513598
2018/6/26 0:50,505454
2018/6/26 1:00,482146
2018/6/26 1:10,486716
2018/6/26 1:20,463800
2018/6/26 1:30,457625
2018/6/26 1:40,461941
2018/6/26 1:50,443018
2018/6/26 2:00,435331
2018/6/26 2:10,434346
2018/6/26 2:20,422060
2018/6/26 2:30,421939
2018/6/26 2:40,417287
2018/6/26 2:50,411507
2018/6/26 3:00,405157
2018/6/26 3:10,398321
2018/6/26 3:20,391343
2018/6/26 3:30,387247
2018/6/26 3:40,382835
2018/6/26 3:50,379526
2018/6/26 4:00,376226
2018/6/26 4:10,370586
2018/6/26 4:20,367080
2018/6/26 4:30,364406
2018/6/26 4:40,361815
2018/6/26 4:50,359925
2018/6/26 5:00,358015
2018/6/26 5:10,356372
2018/6/26 5:20,355768
2018/6/26 5:30,355685
2018/6/26 5:40,356125
2018/6/26 5:50,357287
2018/6/26 6:00,359075
2018/6/26 6:10,361454
2018/6/26 6:20,364616
2018/6/26 6:30,368016
2018/6/26 6:40,370521
2018/6/26 6:50,373515
2018/6/26 7:00,376606
2018/6/26 7:10,379515
2018/6/26 7:20,383174
2018/6/26 7:30,386379
2018/6/26 7:40,389047
2018/6/26 7:50,392383
2018/6/26 8:00,395684
2018/6/26 8:10,395302
2018/6/26 8:20,395302
2018/6/26 8:30,406113
2018/6/26 8:40,410697
2018/6/26 8:50,415063
2018/6/26 9:00,419926
2018/6/26 9:10,419926
2018/6/26 9:20,424053
2018/6/26 9:30,427576
2018/6/26 9:40,439840
2018/6/26 9:50,441853
2018/6/26 10:00,442871
2018/6/26 10:10,446376
2018/6/26 10:20,460365
2018/6/26 10:30,455532
2018/6/26 10:40,459602
2018/6/26 10:50,468275
2018/6/26 11:00,474268
2018/6/26 11:10,462722
2018/6/26 11:20,478760
2018/6/26 11:30,482580
2018/6/26 11:40,476095
2018/6/26 11:50,497294
2018/6/26 12:00,483086
2018/6/26 12:10,496056
2018/6/26 12:20,503246
2018/6/26 12:30,508052
2018/6/26 12:40,504355
2018/6/26 12:50,515122
2018/6/26 13:00,503465
2018/6/26 13:10,515761
2018/6/26 13:20,500091
2018/6/26 13:30,509897
2018/6/26 13:40,502338
2018/6/26 13:50,503667
2018/6/26 14:00,511786
2018/6/26 14:10,493183
2018/6/26 14:20,509770
2018/6/26 14:30,504220
2018/6/26 14:40,497949
2018/6/26 14:50,511848
2018/6/26 15:00,495737
2018/6/26 15:10,506289
2018/6/26 15:20,497829
2018/6/26 15:30,504436
2018/6/26 15:40,504384
2018/6/26 15:50,493511
2018/6/26 16:00,506961
2018/6/26 16:10,483201
2018/6/26 16:20,504899
2018/6/26 16:30,485763
2018/6/26 16:40,508708
2018/6/26 16:50,492576
2018/6/26 17:00,512332
2018/6/26 17:10,496957
2018/6/26 17:20,519641
2018/6/26 17:30,506199
2018/6/26 17:40,528058
2018/6/26 17:50,513809
2018/6/26 18:00,535307
2018/6/26 18:10,522017
2018/6/26 18:20,541614
2018/6/26 18:30,538806
2018/6/26 18:40,548057
2018/6/26 18:50,558838
2018/6/26 19:00,544093
2018/6/26 19:10,579408
2018/6/26 19:20,576721
2018/6/26 19:30,605495
2018/6/26 19:40,605581
2018/6/26 19:50,616269
2018/6/26 20:00,619500
2018/6/26 20:10,503369
2018/6/26 20:20,577662
2018/6/26 20:30,545909
2018/6/26 20:40,559799
2018/6/26 20:50,607207
2018/6/26 21:00,595982
2018/6/26 21:10,485661
2018/6/26 21:20,516114
2018/6/26 21:30,554031
2018/6/26 21:40,556684
2018/6/26 21:50,602118
2018/6/26 22:00,597142
2018/6/26 22:10,462762
2018/6/26 22:20,519305
2018/6/26 22:30,661622
2018/6/26 22:40,683970
2018/6/26 22:50,678618
2018/6/26 23:00,660442
2018/6/26 23:10,638668
2018/6/26 23:20,618520
2018/6/26 23:30,625184
2018/6/26 23:40,590631
2018/6/26 23:50,593003
2018/6/27 0:00,566842
2018/6/27 0:10,556939
2018/6/27 0:20,536263
2018/6/27 0:30,531912
2018/6/27 0:40,508864
2018/6/27 0:50,512151
2018/6/27 1:00,493452
2018/6/27 1:10,482737
2018/6/27 1:20,478252
2018/6/27 1:30,458410
2018/6/27 1:40,458312
2018/6/27 1:50,447689
2018/6/27 2:00,431587
2018/6/27 2:10,434711
2018/6/27 2:20,420936
2018/6/27 2:30,420974
2018/6/27 2:40,416090
2018/6/27 2:50,411734
2018/6/27 3:00,405276
2018/6/27 3:10,398489
2018/6/27 3:20,391530
2018/6/27 3:30,387437
2018/6/27 3:40,383660
2018/6/27 3:50,380221
2018/6/27 4:00,376371
2018/6/27 4:10,370280
2018/6/27 4:20,366885
2018/6/27 4:30,364339
2018/6/27 4:40,361658
2018/6/27 4:50,359385
2018/6/27 5:00,357409
2018/6/27 5:10,355885
2018/6/27 5:20,354818
2018/6/27 5:30,354423
2018/6/27 5:40,355051
2018/6/27 5:50,356206
2018/6/27 6:00,357808
2018/6/27 6:10,360136
2018/6/27 6:20,363470
2018/6/27 6:30,366076
2018/6/27 6:40,369409
2018/6/27 6:50,372936
2018/6/27 7:00,376792
2018/6/27 7:10,376730
2018/6/27 7:20,383774
2018/6/27 7:30,387390
2018/6/27 7:40,390850
2018/6/27 7:50,394534
2018/6/27 8:00,398209
2018/6/27 8:10,398209
2018/6/27 8:20,405668
2018/6/27 8:30,410167
2018/6/27 8:40,410777
2018/6/27 8:50,415851
2018/6/27 9:00,419906
2018/6/27 9:10,423108
2018/6/27 9:20,433146
2018/6/27 9:30,432276
2018/6/27 9:40,438151
2018/6/27 9:50,449833
2018/6/27 10:00,454212
2018/6/27 10:10,448557
2018/6/27 10:20,462221
2018/6/27 10:30,466195
2018/6/27 10:40,463364
2018/6/27 10:50,474044
2018/6/27 11:00,477096
2018/6/27 11:10,468968
2018/6/27 11:20,489583
2018/6/27 11:30,478768
2018/6/27 11:40,493304
2018/6/27 11:50,496917
2018/6/27 12:00,495305
2018/6/27 12:10,509509
2018/6/27 12:20,500093
2018/6/27 12:30,517140
2018/6/27 12:40,505304
2018/6/27 12:50,523602
2018/6/27 13:00,505854
2018/6/27 13:10,519160
2018/6/27 13:20,502079
2018/6/27 13:30,518899
2018/6/27 13:40,505287
2018/6/27 13:50,508966
2018/6/27 14:00,512277
2018/6/27 14:10,498127
2018/6/27 14:20,488900
2018/6/27 14:30,184218
2018/6/27 14:40,257448
2018/6/27 14:50,394680
2018/6/27 15:00,412987
2018/6/27 15:10,428226
2018/6/27 15:20,427481
2018/6/27 15:30,440317
2018/6/27 15:40,438216
2018/6/27 15:50,445704
2018/6/27 16:00,449356
2018/6/27 16:10,447037
2018/6/27 16:20,455086
2018/6/27 16:30,456186
2018/6/27 16:40,465655
2018/6/27 16:50,464843
2018/6/27 17:00,476478
2018/6/27 17:10,475413
2018/6/27 17:20,482718
2018/6/27 17:30,488016
2018/6/27 17:40,490247
2018/6/27 17:50,500281
2018/6/27 18:00,500418
2018/6/27 18:10,509952
2018/6/27 18:20,507256
2018/6/27 18:30,531889
2018/6/27 18:40,522162
2018/6/27 18:50,546438
2018/6/27 19:00,537315
2018/6/27 19:10,537315
2018/6/27 19:20,559601
2018/6/27 19:30,576342
2018/6/27 19:40,595761
2018/6/27 19:50,608676
2018/6/27 20:00,620900
2018/6/27 20:10,454833
2018/6/27 20:20,546235
2018/6/27 20:30,543134
2018/6/27 20:40,554061
2018/6/27 20:50,577398
2018/6/27 21:00,589004
2018/6/27 21:10,488631
2018/6/27 21:20,506541
2018/6/27 21:30,562500
2018/6/27 21:40,550728
2018/6/27 21:50,587074
2018/6/27 22:00,582374
2018/6/27 22:10,460112
2018/6/27 22:20,520347
2018/6/27 22:30,642997
2018/6/27 22:40,683230
2018/6/27 22:50,674377
2018/6/27 23:00,642123
2018/6/27 23:10,631672
2018/6/27 23:20,611310
2018/6/27 23:30,616371
2018/6/27 23:40,581385
2018/6/27 23:50,588043
2018/6/28 0:00,556182
2018/6/28 0:10,558812
2018/6/28 0:20,520000
2018/6/28 0:30,527013
2018/6/28 0:40,493256
2018/6/28 0:50,502816
2018/6/28 1:00,476057
2018/6/28 1:10,475332
2018/6/28 1:20,456825
2018/6/28 1:30,450674
2018/6/28 1:40,440782
2018/6/28 1:50,427956
2018/6/28 2:00,430255
2018/6/28 2:10,405234
2018/6/28 2:20,415099
2018/6/28 2:30,400505
2018/6/28 2:40,400283
2018/6/28 2:50,395247
2018/6/28 3:00,389043
2018/6/28 3:10,381626
2018/6/28 3:20,369937
2018/6/28 3:30,371316
2018/6/28 3:40,367142
2018/6/28 3:50,363502
2018/6/28 4:00,360135
2018/6/28 4:10,355473
2018/6/28 4:20,352401
2018/6/28 4:30,349666
2018/6/28 4:40,347114
2018/6/28 4:50,345086
2018/6/28 5:00,343080
2018/6/28 5:10,341660
2018/6/28 5:20,340431
2018/6/28 5:30,340388
2018/6/28 5:40,340938
2018/6/28 5:50,342582
2018/6/28 6:00,344582
2018/6/28 6:10,344363
2018/6/28 6:20,350832
2018/6/28 6:30,354195
2018/6/28 6:40,357917
2018/6/28 6:50,362349
2018/6/28 7:00,366779
2018/6/28 7:10,370979
2018/6/28 7:20,375650
2018/6/28 7:30,380509
2018/6/28 7:40,384454
2018/6/28 7:50,389737
2018/6/28 8:00,394296
2018/6/28 8:10,398462
2018/6/28 8:20,403078
2018/6/28 8:30,408367
2018/6/28 8:40,408839
2018/6/28 8:50,412188
2018/6/28 9:00,417579
2018/6/28 9:10,428140
2018/6/28 9:20,424883
2018/6/28 9:30,430283
2018/6/28 9:40,444013
2018/6/28 9:50,447097
2018/6/28 10:00,446868
2018/6/28 10:10,453804
2018/6/28 10:20,460666
2018/6/28 10:30,455036
2018/6/28 10:40,473450
2018/6/28 10:50,469185
2018/6/28 11:00,469356
2018/6/28 11:10,482372
2018/6/28 11:20,464812
2018/6/28 11:30,491726
2018/6/28 11:40,482171
2018/6/28 11:50,493577
2018/6/28 12:00,497949
2018/6/28 12:10,498824
2018/6/28 12:20,505419
2018/6/28 12:30,508438
2018/6/28 12:40,510587
2018/6/28 12:50,510526
2018/6/28 13:00,516937
2018/6/28 13:10,516937
2018/6/28 13:20,512584
2018/6/28 13:30,503054
2018/6/28 13:40,516010
2018/6/28 13:50,499304
2018/6/28 14:00,511085
2018/6/28 14:10,500672
2018/6/28 14:20,504304
2018/6/28 14:30,509079
2018/6/28 14:40,497202
2018/6/28 14:50,512710
2018/6/28 15:00,503484
2018/6/28 15:10,501148
2018/6/28 15:20,508095
2018/6/28 15:30,497023
2018/6/28 15:40,511006
2018/6/28 15:50,490710
2018/6/28 16:00,510604
2018/6/28 16:10,497134
2018/6/28 16:20,501321
2018/6/28 16:30,509120
2018/6/28 16:40,494738
2018/6/28 16:50,515008
2018/6/28 17:00,503775
2018/6/28 17:10,513595
2018/6/28 17:20,505280
2018/6/28 17:30,521195
2018/6/28 17:40,515228
2018/6/28 17:50,523963
2018/6/28 18:00,526891
2018/6/28 18:10,528548
2018/6/28 18:20,534816
2018/6/28 18:30,545272
2018/6/28 18:40,549187
2018/6/28 18:50,560570
2018/6/28 19:00,566436
2018/6/28 19:10,577700
2018/6/28 19:20,586267
2018/6/28 19:30,608478
2018/6/28 19:40,620196
2018/6/28 19:50,650731
2018/6/28 20:00,622485
2018/6/28 20:10,490118
2018/6/28 20:20,567161
2018/6/28 20:30,557378
2018/6/28 20:40,564705
2018/6/28 20:50,608870
2018/6/28 21:00,611116
2018/6/28 21:10,498570
2018/6/28 21:20,519424
2018/6/28 21:30,566954
2018/6/28 21:40,558062
2018/6/28 21:50,571473
2018/6/28 22:00,612712
2018/6/28 22:10,451492
2018/6/28 22:20,454630
2018/6/28 22:30,634546
2018/6/28 22:40,623765
2018/6/28 22:50,640058
2018/6/28 23:00,654486
2018/6/28 23:10,635920
2018/6/28 23:20,614618
2018/6/28 23:30,614721
2018/6/28 23:40,578458
2018/6/28 23:50,585138
2018/6/29 0:00,562318
2018/6/29 0:10,538835
2018/6/29 0:20,536527
2018/6/29 0:30,506090
2018/6/29 0:40,513040
2018/6/29 0:50,492152
2018/6/29 1:00,479900
2018/6/29 1:10,473300
2018/6/29 1:20,455949
2018/6/29 1:30,454304
2018/6/29 1:40,440092
2018/6/29 1:50,428339
2018/6/29 2:00,427764
2018/6/29 2:10,408772
2018/6/29 2:20,408793
2018/6/29 2:30,404649
2018/6/29 2:40,400259
2018/6/29 2:50,394164
2018/6/29 3:00,387815
2018/6/29 3:10,380087
2018/6/29 3:20,372006
2018/6/29 3:30,365243
2018/6/29 3:40,363215
2018/6/29 3:50,358916
2018/6/29 4:00,355117
2018/6/29 4:10,350798
2018/6/29 4:20,348115
2018/6/29 4:30,345525
2018/6/29 4:40,343399
2018/6/29 4:50,341660
2018/6/29 5:00,339654
2018/6/29 5:10,338477
2018/6/29 5:20,337510
2018/6/29 5:30,337917
2018/6/29 5:40,338879
2018/6/29 5:50,340547
2018/6/29 6:00,342686
2018/6/29 6:10,345631
2018/6/29 6:20,349125
2018/6/29 6:30,353412
2018/6/29 6:40,357370
2018/6/29 6:50,361705
2018/6/29 7:00,366303
2018/6/29 7:10,370729
2018/6/29 7:20,376333
2018/6/29 7:30,381962
2018/6/29 7:40,383465
2018/6/29 7:50,386979
2018/6/29 8:00,396028
2018/6/29 8:10,390772
2018/6/29 8:20,397752
2018/6/29 8:30,408818
2018/6/29 8:40,408992
2018/6/29 8:50,410350
2018/6/29 9:00,422700
2018/6/29 9:10,420453
2018/6/29 9:20,427767
2018/6/29 9:30,442706
2018/6/29 9:40,435499
2018/6/29 9:50,450754
2018/6/29 10:00,453437
2018/6/29 10:10,451975
2018/6/29 10:20,464456
2018/6/29 10:30,459628
2018/6/29 10:40,478425
2018/6/29 10:50,461674
2018/6/29 11:00,485773
2018/6/29 11:10,466269
2018/6/29 11:20,489250
2018/6/29 11:30,474954
2018/6/29 11:40,497695
2018/6/29 11:50,484059
2018/6/29 12:00,505725
2018/6/29 12:10,492321
2018/6/29 12:20,513708
2018/6/29 12:30,499938
2018/6/29 12:40,511284
2018/6/29 12:50,510374
2018/6/29 13:00,509669
2018/6/29 13:10,511706
2018/6/29 13:20,498019
2018/6/29 13:30,517276
2018/6/29 13:40,498027
2018/6/29 13:50,512858
2018/6/29 14:00,494283
2018/6/29 14:10,506002
2018/6/29 14:20,493159
2018/6/29 14:30,511453
2018/6/29 14:40,491192
2018/6/29 14:50,501838
2018/6/29 15:00,492536
2018/6/29 15:10,505546
2018/6/29 15:20,489854
2018/6/29 15:30,508264
2018/6/29 15:40,489973
2018/6/29 15:50,503047
2018/6/29 16:00,491261
2018/6/29 16:10,499992
2018/6/29 16:20,487535
2018/6/29 16:30,501895
2018/6/29 16:40,491174
2018/6/29 16:50,505660
2018/6/29 17:00,495782
2018/6/29 17:10,506872
2018/6/29 17:20,497323
2018/6/29 17:30,512831
2018/6/29 17:40,504186
2018/6/29 17:50,523363
2018/6/29 18:00,511868
2018/6/29 18:10,532394
2018/6/29 18:20,523784
2018/6/29 18:30,547653
2018/6/29 18:40,539123
2018/6/29 18:50,564893
2018/6/29 19:00,554768
2018/6/29 19:10,534951
2018/6/29 19:20,594481
2018/6/29 19:30,608611
2018/6/29 19:40,616454
2018/6/29 19:50,611859
2018/6/29 20:00,606968
2018/6/29 20:10,452318
2018/6/29 20:20,480650
2018/6/29 20:30,533290
2018/6/29 20:40,524348
2018/6/29 20:50,560953
2018/6/29 21:00,544007
2018/6/29 21:10,460481
2018/6/29 21:20,479828
2018/6/29 21:30,526879
2018/6/29 21:40,556700
2018/6/29 21:50,594409
2018/6/29 22:00,602461
2018/6/29 22:10,464614
2018/6/29 22:20,534784
2018/6/29 22:30,673333
2018/6/29 22:40,698536
2018/6/29 22:50,673235
2018/6/29 23:00,663727
2018/6/29 23:10,622801
2018/6/29 23:20,613091
2018/6/29 23:30,603480
2018/6/29 23:40,592725
2018/6/29 23:50,565808
2018/6/30 0:00,562304
2018/6/30 0:10,545383
2018/6/30 0:20,529527
2018/6/30 0:30,518864
2018/6/30 0:40,512308
2018/6/30 0:50,495942
2018/6/30 1:00,486936
2018/6/30 1:10,470895
2018/6/30 1:20,462569
2018/6/30 1:30,449070
2018/6/30 1:40,442731
2018/6/30 1:50,434590
2018/6/30 2:00,426109
2018/6/30 2:10,413597
2018/6/30 2:20,408167
2018/6/30 2:30,401032
2018/6/30 2:40,393668
2018/6/30 2:50,386380
2018/6/30 3:00,380072
2018/6/30 3:10,373081
2018/6/30 3:20,362227
2018/6/30 3:30,358259
2018/6/30 3:40,353384
2018/6/30 3:50,348602
2018/6/30 4:00,344004
2018/6/30 4:10,342427
2018/6/30 4:20,340389
2018/6/30 4:30,339975
2018/6/30 4:40,338968
2018/6/30 4:50,333320
2018/6/30 5:00,335095
2018/6/30 5:10,334747
2018/6/30 5:20,334198
2018/6/30 5:30,334323
2018/6/30 5:40,335196
2018/6/30 5:50,336679
2018/6/30 6:00,338966
2018/6/30 6:10,342208
2018/6/30 6:20,346153
2018/6/30 6:30,350236
2018/6/30 6:40,353822
2018/6/30 6:50,354669
2018/6/30 7:00,359661
2018/6/30 7:10,356148
2018/6/30 7:20,372512
2018/6/30 7:30,375566
2018/6/30 7:40,374950
2018/6/30 7:50,392205
2018/6/30 8:00,390162
2018/6/30 8:10,397977
2018/6/30 8:20,404435
2018/6/30 8:30,411253
2018/6/30 8:40,418258
2018/6/30 8:50,424245
2018/6/30 9:00,431291
2018/6/30 9:10,438687
2018/6/30 9:20,437252
2018/6/30 9:30,458409
2018/6/30 9:40,450469
2018/6/30 9:50,470721
2018/6/30 10:00,466555
2018/6/30 10:10,466162
2018/6/30 10:20,491027
2018/6/30 10:30,479623
2018/6/30 10:40,498038
2018/6/30 10:50,492666
2018/6/30 11:00,497716
2018/6/30 11:10,507719
2018/6/30 11:20,502480
2018/6/30 11:30,515847
2018/6/30 11:40,515682
2018/6/30 11:50,511748
2018/6/30 12:00,535832
2018/6/30 12:10,514043
2018/6/30 12:20,525265
2018/6/30 12:30,544510
2018/6/30 12:40,530163
2018/6/30 12:50,538465
2018/6/30 13:00,535026
2018/6/30 13:10,526714
2018/6/30 13:20,544158
2018/6/30 13:30,527378
2018/6/30 13:40,523069
2018/6/30 13:50,541514
2018/6/30 14:00,523289
2018/6/30 14:10,525683
2018/6/30 14:20,534431
2018/6/30 14:30,519762
2018/6/30 14:40,538873
2018/6/30 14:50,522504
2018/6/30 15:00,531649
2018/6/30 15:10,529669
2018/6/30 15:20,520406
2018/6/30 15:30,540308
2018/6/30 15:40,524305
2018/6/30 15:50,536448
2018/6/30 16:00,526572
2018/6/30 16:10,521532
2018/6/30 16:20,539682
2018/6/30 16:30,523725
2018/6/30 16:40,534952
2018/6/30 16:50,527056
2018/6/30 17:00,525908
2018/6/30 17:10,533373
2018/6/30 17:20,520322
2018/6/30 17:30,538726
2018/6/30 17:40,522299
2018/6/30 17:50,535077
2018/6/30 18:00,531807
2018/6/30 18:10,529201
2018/6/30 18:20,546837
2018/6/30 18:30,539389
2018/6/30 18:40,562042
2018/6/30 18:50,554142
2018/6/30 19:00,560209
2018/6/30 19:10,535353
2018/6/30 19:20,590132
2018/6/30 19:30,616707
2018/6/30 19:40,595439
2018/6/30 19:50,601939
2018/6/30 20:00,591335
2018/6/30 20:10,483589
2018/6/30 20:20,524433
2018/6/30 20:30,499554
2018/6/30 20:40,508556
2018/6/30 20:50,537776
2018/6/30 21:00,538610
2018/6/30 21:10,446450
2018/6/30 21:20,458481
2018/6/30 21:30,520065
2018/6/30 21:40,520310
2018/6/30 21:50,536199
2018/6/30 22:00,538658
2018/6/30 22:10,450641
2018/6/30 22:20,506511
2018/6/30 22:30,605117
2018/6/30 22:40,645501
2018/6/30 22:50,707835
2018/6/30 23:00,683464
2018/6/30 23:10,645041
2018/6/30 23:20,659879
2018/6/30 23:30,631771
2018/6/30 23:40,630095
2018/6/30 23:50,601753
2018/7/1 0:00,601011
2018/7/1 0:10,562669
2018/7/1 0:20,562741
2018/7/1 0:30,531749
2018/7/1 0:40,536603
2018/7/1 0:50,519583
2018/7/1 1:00,501612
2018/7/1 1:10,501966
2018/7/1 1:20,477372
2018/7/1 1:30,473332
2018/7/1 1:40,470449
2018/7/1 1:50,456207
2018/7/1 2:00,442464
2018/7/1 2:10,442040
2018/7/1 2:20,431343
2018/7/1 2:30,423948
2018/7/1 2:40,417931
2018/7/1 2:50,417193
2018/7/1 3:00,410045
2018/7/1 3:10,396961
2018/7/1 3:20,383912
2018/7/1 3:30,386698
2018/7/1 3:40,383488
2018/7/1 3:50,374425
2018/7/1 4:00,375169
2018/7/1 4:10,360749
2018/7/1 4:20,364386
2018/7/1 4:30,355596
2018/7/1 4:40,353266
2018/7/1 4:50,350993
2018/7/1 5:00,351095
2018/7/1 5:10,350331
2018/7/1 5:20,346586
2018/7/1 5:30,343409
2018/7/1 5:40,345663
2018/7/1 5:50,351823
2018/7/1 6:00,349452
2018/7/1 6:10,348488
2018/7/1 6:20,353103
2018/7/1 6:30,361592
2018/7/1 6:40,352241
2018/7/1 6:50,366726
2018/7/1 7:00,362642
2018/7/1 7:10,372683
2018/7/1 7:20,371941
2018/7/1 7:30,386082
2018/7/1 7:40,380947
2018/7/1 7:50,403379
2018/7/1 8:00,392486
2018/7/1 8:10,406251
2018/7/1 8:20,419349
2018/7/1 8:30,413674
2018/7/1 8:40,438438
2018/7/1 8:50,432100
2018/7/1 9:00,436264
2018/7/1 9:10,461849
2018/7/1 9:20,454158
2018/7/1 9:30,459000
2018/7/1 9:40,485014
2018/7/1 9:50,476164
2018/7/1 10:00,479419
2018/7/1 10:10,498786
2018/7/1 10:20,500394
2018/7/1 10:30,497328
2018/7/1 10:40,509741
2018/7/1 10:50,520200
2018/7/1 11:00,507325
2018/7/1 11:10,491163
2018/7/1 11:20,543328
2018/7/1 11:30,527687
2018/7/1 11:40,528097
2018/7/1 11:50,552507
2018/7/1 12:00,524976
2018/7/1 12:10,465894
2018/7/1 12:20,544590
2018/7/1 12:30,546670
2018/7/1 12:40,536194
2018/7/1 12:50,553450
2018/7/1 13:00,564217
2018/7/1 13:10,497256
2018/7/1 13:20,554816
2018/7/1 13:30,551399
2018/7/1 13:40,547266
2018/7/1 13:50,544246
2018/7/1 14:00,530790
2018/7/1 14:10,474136
2018/7/1 14:20,544697
2018/7/1 14:30,564275
2018/7/1 14:40,540680
2018/7/1 14:50,537140
2018/7/1 15:00,555287
2018/7/1 15:10,540336
2018/7/1 15:20,536971
2018/7/1 15:30,558074
2018/7/1 15:40,540887
2018/7/1 15:50,538565
2018/7/1 16:00,555594
2018/7/1 16:10,555594
2018/7/1 16:20,538710
2018/7/1 16:30,559298
2018/7/1 16:40,541870
2018/7/1 16:50,539516
2018/7/1 17:00,559235
2018/7/1 17:10,543028
2018/7/1 17:20,541165
2018/7/1 17:30,561358
2018/7/1 17:40,543307
2018/7/1 17:50,542774
2018/7/1 18:00,559152
2018/7/1 18:10,514234
2018/7/1 18:20,552294
2018/7/1 18:30,568140
2018/7/1 18:40,557032
2018/7/1 18:50,565145
2018/7/1 19:00,566387
2018/7/1 19:10,505356
2018/7/1 19:20,579440
2018/7/1 19:30,600831
2018/7/1 19:40,569127
2018/7/1 19:50,536882
2018/7/1 20:00,531256
2018/7/1 20:10,453528
2018/7/1 20:20,435789
2018/7/1 20:30,463355
2018/7/1 20:40,470049
2018/7/1 20:50,475930
2018/7/1 21:00,494339
2018/7/1 21:10,394069
2018/7/1 21:20,399866
2018/7/1 21:30,457034
2018/7/1 21:40,460479
2018/7/1 21:50,489653
2018/7/1 22:00,500420
2018/7/1 22:10,419144
2018/7/1 22:20,447526
2018/7/1 22:30,563970
2018/7/1 22:40,598745
2018/7/1 22:50,609807
2018/7/1 23:00,658656
2018/7/1 23:10,631055
2018/7/1 23:20,639738
2018/7/1 23:30,624408
2018/7/1 23:40,588620
2018/7/1 23:50,595569
2018/7/2 0:00,564518
2018/7/2 0:10,564518
2018/7/2 0:20,542927
2018/7/2 0:30,529337
2018/7/2 0:40,531124
2018/7/2 0:50,512946
2018/7/2 1:00,489937
2018/7/2 1:10,489039
2018/7/2 1:20,459582
2018/7/2 1:30,461186
2018/7/2 1:40,446963
2018/7/2 1:50,436451
2018/7/2 2:00,439495
2018/7/2 2:10,409255
2018/7/2 2:20,419549
2018/7/2 2:30,396013
2018/7/2 2:40,405900
2018/7/2 2:50,381635
2018/7/2 3:00,393200
2018/7/2 3:10,368516
2018/7/2 3:20,377410
2018/7/2 3:30,358461
2018/7/2 3:40,366183
2018/7/2 3:50,359293
2018/7/2 4:00,350937
2018/7/2 4:10,358808
2018/7/2 4:20,345522
2018/7/2 4:30,347410
2018/7/2 4:40,349413
2018/7/2 4:50,341347
2018/7/2 5:00,342273
2018/7/2 5:10,333850
2018/7/2 5:20,336693
2018/7/2 5:30,340696
2018/7/2 5:40,343791
2018/7/2 5:50,344612
2018/7/2 6:00,346661
2018/7/2 6:10,349043
2018/7/2 6:20,350461
2018/7/2 6:30,356177
2018/7/2 6:40,359243
2018/7/2 6:50,363138
2018/7/2 7:00,351290
2018/7/2 7:10,357423
2018/7/2 7:20,378131
2018/7/2 7:30,383119
2018/7/2 7:40,388548
2018/7/2 7:50,387472
2018/7/2 8:00,396898
2018/7/2 8:10,400717
2018/7/2 8:20,400875
2018/7/2 8:30,410491
2018/7/2 8:40,421232
2018/7/2 8:50,417047
2018/7/2 9:00,425191
2018/7/2 9:10,437874
2018/7/2 9:20,428887
2018/7/2 9:30,453198
2018/7/2 9:40,439996
2018/7/2 9:50,464082
2018/7/2 10:00,451708
2018/7/2 10:10,471411
2018/7/2 10:20,461289
2018/7/2 10:30,483593
2018/7/2 10:40,470473
2018/7/2 10:50,489382
2018/7/2 11:00,482269
2018/7/2 11:10,490457
2018/7/2 11:20,495146
2018/7/2 11:30,490501
2018/7/2 11:40,510369
2018/7/2 11:50,501066
2018/7/2 12:00,523035
2018/7/2 12:10,511714
2018/7/2 12:20,523123
2018/7/2 12:30,528777
2018/7/2 12:40,517861
2018/7/2 12:50,540024
2018/7/2 13:00,521077
2018/7/2 13:10,537365
2018/7/2 13:20,519677
2018/7/2 13:30,527420
2018/7/2 13:40,524360
2018/7/2 13:50,519832
2018/7/2 14:00,527597
2018/7/2 14:10,511307
2018/7/2 14:20,531577
2018/7/2 14:30,512458
2018/7/2 14:40,530381
2018/7/2 14:50,511019
2018/7/2 15:00,527310
2018/7/2 15:10,509766
2018/7/2 15:20,516764
2018/7/2 15:30,519046
2018/7/2 15:40,511674
2018/7/2 15:50,521135
2018/7/2 16:00,504346
2018/7/2 16:10,523708
2018/7/2 16:20,506775
2018/7/2 16:30,524473
2018/7/2 16:40,507121
2018/7/2 16:50,521964
2018/7/2 17:00,513816
2018/7/2 17:10,518964
2018/7/2 17:20,524137
2018/7/2 17:30,515340
2018/7/2 17:40,535572
2018/7/2 17:50,523125
2018/7/2 18:00,544322
2018/7/2 18:10,532327
2018/7/2 18:20,550635
2018/7/2 18:30,554981
2018/7/2 18:40,558057
2018/7/2 18:50,582739
2018/7/2 19:00,573645
2018/7/2 19:10,541679
2018/7/2 19:20,613004
2018/7/2 19:30,634708
2018/7/2 19:40,592909
2018/7/2 19:50,583830
2018/7/2 20:00,589882
2018/7/2 20:10,482019
2018/7/2 20:20,507243
2018/7/2 20:30,533188
2018/7/2 20:40,539475
2018/7/2 20:50,575677
2018/7/2 21:00,578476
2018/7/2 21:10,472530
2018/7/2 21:20,484123
2018/7/2 21:30,546278
2018/7/2 21:40,531119
2018/7/2 21:50,572963
2018/7/2 22:00,572729
2018/7/2 22:10,424396
2018/7/2 22:20,476551
2018/7/2 22:30,614131
2018/7/2 22:40,672354
2018/7/2 22:50,693576
2018/7/2 23:00,671951
2018/7/2 23:10,637633
2018/7/2 23:20,649217
2018/7/2 23:30,612486
2018/7/2 23:40,615721
2018/7/2 23:50,582276
2018/7/3 0:00,584017
2018/7/3 0:10,541601
2018/7/3 0:20,543355
2018/7/3 0:30,517884
2018/7/3 0:40,516225
2018/7/3 0:50,495137
2018/7/3 1:00,500459
2018/7/3 1:10,469661
2018/7/3 1:20,472828
2018/7/3 1:30,455649
2018/7/3 1:40,444623
2018/7/3 1:50,447843
2018/7/3 2:00,426615
2018/7/3 2:10,420638
2018/7/3 2:20,418366
2018/7/3 2:30,412676
2018/7/3 2:40,408763
2018/7/3 2:50,402843
2018/7/3 3:00,395986
2018/7/3 3:10,388487
2018/7/3 3:20,380014
2018/7/3 3:30,375992
2018/7/3 3:40,372238
2018/7/3 3:50,368544
2018/7/3 4:00,364785
2018/7/3 4:10,359391
2018/7/3 4:20,356300
2018/7/3 4:30,353594
2018/7/3 4:40,351370
2018/7/3 4:50,349523
2018/7/3 5:00,347819
2018/7/3 5:10,346213
2018/7/3 5:20,345771
2018/7/3 5:30,345750
2018/7/3 5:40,346643
2018/7/3 5:50,348001
2018/7/3 6:00,350459
2018/7/3 6:10,352728
2018/7/3 6:20,356031
2018/7/3 6:30,359452
2018/7/3 6:40,363197
2018/7/3 6:50,367599
2018/7/3 7:00,371802
2018/7/3 7:10,376113
2018/7/3 7:20,381808
2018/7/3 7:30,387241
2018/7/3 7:40,391846
2018/7/3 7:50,395395
2018/7/3 8:00,398863
2018/7/3 8:10,396740
2018/7/3 8:20,404163
2018/7/3 8:30,417202
2018/7/3 8:40,412749
2018/7/3 8:50,419000
2018/7/3 9:00,434343
2018/7/3 9:10,422019
2018/7/3 9:20,443148
2018/7/3 9:30,442282
2018/7/3 9:40,445964
2018/7/3 9:50,459179
2018/7/3 10:00,449921
2018/7/3 10:10,470474
2018/7/3 10:20,457528
2018/7/3 10:30,478744
2018/7/3 10:40,464849
2018/7/3 10:50,485971
2018/7/3 11:00,474599
2018/7/3 11:10,491136
2018/7/3 11:20,484221
2018/7/3 11:30,495993
2018/7/3 11:40,497591
2018/7/3 11:50,504638
2018/7/3 12:00,509230
2018/7/3 12:10,503770
2018/7/3 12:20,525892
2018/7/3 12:30,512106
2018/7/3 12:40,531757
2018/7/3 12:50,514892
2018/7/3 13:00,530550
2018/7/3 13:10,516125
2018/7/3 13:20,517191
2018/7/3 13:30,525855
2018/7/3 13:40,512538
2018/7/3 13:50,525257
2018/7/3 14:00,507341
2018/7/3 14:10,522342
2018/7/3 14:20,430033
2018/7/3 14:30,550965
2018/7/3 14:40,539897
2018/7/3 14:50,543970
2018/7/3 15:00,542671
2018/7/3 15:10,532328
2018/7/3 15:20,552253
2018/7/3 15:30,534730
2018/7/3 15:40,548126
2018/7/3 15:50,535328
2018/7/3 16:00,540515
2018/7/3 16:10,542475
2018/7/3 16:20,529091
2018/7/3 16:30,548369
2018/7/3 16:40,532097
2018/7/3 16:50,541400
2018/7/3 17:00,543380
2018/7/3 17:10,534896
2018/7/3 17:20,556519
2018/7/3 17:30,543467
2018/7/3 17:40,557328
2018/7/3 17:50,556022
2018/7/3 18:00,548359
2018/7/3 18:10,549753
2018/7/3 18:20,572441
2018/7/3 18:30,590029
2018/7/3 18:40,589424
2018/7/3 18:50,599323
2018/7/3 19:00,611804
2018/7/3 19:10,519615
2018/7/3 19:20,612316
2018/7/3 19:30,609158
2018/7/3 19:40,572778
2018/7/3 19:50,553947
2018/7/3 20:00,559057
2018/7/3 20:10,454449
2018/7/3 20:20,445237
2018/7/3 20:30,518864
2018/7/3 20:40,512614
2018/7/3 20:50,546196
2018/7/3 21:00,538892
2018/7/3 21:10,454103
2018/7/3 21:20,453618
2018/7/3 21:30,512552
2018/7/3 21:40,496800
2018/7/3 21:50,546603
2018/7/3 22:00,550678
2018/7/3 22:10,423666
2018/7/3 22:20,470228
2018/7/3 22:30,578906
2018/7/3 22:40,613688
2018/7/3 22:50,686154
2018/7/3 23:00,699201
2018/7/3 23:10,627473
2018/7/3 23:20,688161
2018/7/3 23:30,652190
2018/7/3 23:40,639050
2018/7/3 23:50,617571
2018/7/4 0:00,599653
2018/7/4 0:10,588010
2018/7/4 0:20,558037
2018/7/4 0:30,564120
2018/7/4 0:40,533723
2018/7/4 0:50,539238
2018/7/4 1:00,510454
2018/7/4 1:10,513232
2018/7/4 1:20,486901
2018/7/4 1:30,491100
2018/7/4 1:40,470925
2018/7/4 1:50,464058
2018/7/4 2:00,464873
2018/7/4 2:10,436270
2018/7/4 2:20,443173
2018/7/4 2:30,438781
2018/7/4 2:40,431438
2018/7/4 2:50,426157
2018/7/4 3:00,419227
2018/7/4 3:10,411597
2018/7/4 3:20,402194
2018/7/4 3:30,394965
2018/7/4 3:40,394258
2018/7/4 3:50,390460
2018/7/4 4:00,377926
2018/7/4 4:10,363993
2018/7/4 4:20,364182
2018/7/4 4:30,378775
2018/7/4 4:40,376950
2018/7/4 4:50,375416
2018/7/4 5:00,372477
2018/7/4 5:10,368989
2018/7/4 5:20,367834
2018/7/4 5:30,367866
2018/7/4 5:40,368572
2018/7/4 5:50,370044
2018/7/4 6:00,372360
2018/7/4 6:10,372155
2018/7/4 6:20,379248
2018/7/4 6:30,383206
2018/7/4 6:40,387086
2018/7/4 6:50,391741
2018/7/4 7:00,396096
2018/7/4 7:10,401128
2018/7/4 7:20,406669
2018/7/4 7:30,401453
2018/7/4 7:40,416207
2018/7/4 7:50,416201
2018/7/4 8:00,413649
2018/7/4 8:10,432862
2018/7/4 8:20,423295
2018/7/4 8:30,438805
2018/7/4 8:40,438985
2018/7/4 8:50,445747
2018/7/4 9:00,459191
2018/7/4 9:10,449319
2018/7/4 9:20,470590
2018/7/4 9:30,462314
2018/7/4 9:40,483328
2018/7/4 9:50,474106
2018/7/4 10:00,495996
2018/7/4 10:10,482626
2018/7/4 10:20,497741
2018/7/4 10:30,501722
2018/7/4 10:40,501598
2018/7/4 10:50,516817
2018/7/4 11:00,504891
2018/7/4 11:10,527636
2018/7/4 11:20,516677
2018/7/4 11:30,530631
2018/7/4 11:40,533031
2018/7/4 11:50,530595
2018/7/4 12:00,530595
2018/7/4 12:10,542040
2018/7/4 12:20,559199
2018/7/4 12:30,555463
2018/7/4 12:40,550395
2018/7/4 12:50,566997
2018/7/4 13:00,552314
2018/7/4 13:10,567871
2018/7/4 13:20,549764
2018/7/4 13:30,553519
2018/7/4 13:40,557968
2018/7/4 13:50,544997
2018/7/4 14:00,557646
2018/7/4 14:10,540650
2018/7/4 14:20,556498
2018/7/4 14:30,538415
2018/7/4 14:40,546619
2018/7/4 14:50,545719
2018/7/4 15:00,539209
2018/7/4 15:10,546699
2018/7/4 15:20,536192
2018/7/4 15:30,553963
2018/7/4 15:40,535386
2018/7/4 15:50,549935
2018/7/4 16:00,536948
2018/7/4 16:10,538839
2018/7/4 16:20,547542
2018/7/4 16:30,533140
2018/7/4 16:40,553375
2018/7/4 16:50,538806
2018/7/4 17:00,555957
2018/7/4 17:10,547229
2018/7/4 17:20,546810
2018/7/4 17:30,564180
2018/7/4 17:40,554830
2018/7/4 17:50,577209
2018/7/4 18:00,567167
2018/7/4 18:10,523523
2018/7/4 18:20,603034
2018/7/4 18:30,600979
2018/7/4 18:40,615479
2018/7/4 18:50,633454
2018/7/4 19:00,598818
2018/7/4 19:10,456294
2018/7/4 19:20,538303
2018/7/4 19:30,582168
2018/7/4 19:40,567542
2018/7/4 19:50,563576
2018/7/4 20:00,552241
2018/7/4 20:10,458731
2018/7/4 20:20,483382
2018/7/4 20:30,518981
2018/7/4 20:40,514914
2018/7/4 20:50,545228
2018/7/4 21:00,558620
2018/7/4 21:10,447177
2018/7/4 21:20,468935
2018/7/4 21:30,531772
2018/7/4 21:40,538294
2018/7/4 21:50,572195
2018/7/4 22:00,584497
2018/7/4 22:10,451303
2018/7/4 22:20,489361
2018/7/4 22:30,595079
2018/7/4 22:40,624138
2018/7/4 22:50,676960
2018/7/4 23:00,691422
2018/7/4 23:10,626325
2018/7/4 23:20,647220
2018/7/4 23:30,639853
2018/7/4 23:40,600137
2018/7/4 23:50,597559
2018/7/5 0:00,573750
2018/7/5 0:10,562851
2018/7/5 0:20,551156
2018/7/5 0:30,532625
2018/7/5 0:40,527857
2018/7/5 0:50,514381
2018/7/5 1:00,498116
2018/7/5 1:10,492252
2018/7/5 1:20,471951
2018/7/5 1:30,474562
2018/7/5 1:40,455501
2018/7/5 1:50,450241
2018/7/5 2:00,440699
2018/7/5 2:10,430999
2018/7/5 2:20,420907
2018/7/5 2:30,417757
2018/7/5 2:40,413975
2018/7/5 2:50,407774
2018/7/5 3:00,401612
2018/7/5 3:10,394375
2018/7/5 3:20,386131
2018/7/5 3:30,381986
2018/7/5 3:40,377731
2018/7/5 3:50,374202
2018/7/5 4:00,371148
2018/7/5 4:10,368182
2018/7/5 4:20,365923
2018/7/5 4:30,363838
2018/7/5 4:40,362098
2018/7/5 4:50,360752
2018/7/5 5:00,359496
2018/7/5 5:10,358590
2018/7/5 5:20,358246
2018/7/5 5:30,358481
2018/7/5 5:40,359275
2018/7/5 5:50,361237
2018/7/5 6:00,363701
2018/7/5 6:10,366966
2018/7/5 6:20,371034
2018/7/5 6:30,375160
2018/7/5 6:40,379521
2018/7/5 6:50,384602
2018/7/5 7:00,389774
2018/7/5 7:10,389678
2018/7/5 7:20,400458
2018/7/5 7:30,403077
2018/7/5 7:40,409453
2018/7/5 7:50,415239
2018/7/5 8:00,417878
2018/7/5 8:10,417158
2018/7/5 8:20,432985
2018/7/5 8:30,432869
2018/7/5 8:40,432673
2018/7/5 8:50,452186
2018/7/5 9:00,444679
2018/7/5 9:10,456736
2018/7/5 9:20,461597
2018/7/5 9:30,464504
2018/7/5 9:40,480315
2018/7/5 9:50,472917
2018/7/5 10:00,490255
2018/7/5 10:10,480493
2018/7/5 10:20,500962
2018/7/5 10:30,489247
2018/7/5 10:40,510872
2018/7/5 10:50,500362
2018/7/5 11:00,519894
2018/7/5 11:10,503700
2018/7/5 11:20,527697
2018/7/5 11:30,514941
2018/7/5 11:40,536828
2018/7/5 11:50,525243
2018/7/5 12:00,544025
2018/7/5 12:10,538345
2018/7/5 12:20,543712
2018/7/5 12:30,554244
2018/7/5 12:40,544289
2018/7/5 12:50,563268
2018/7/5 13:00,545156
2018/7/5 13:10,561544
2018/7/5 13:20,542040
2018/7/5 13:30,552644
2018/7/5 13:40,544034
2018/7/5 13:50,545828
2018/7/5 14:00,545828
2018/7/5 14:10,536580
2018/7/5 14:20,544715
2018/7/5 14:30,530653
2018/7/5 14:40,545947
2018/7/5 14:50,529377
2018/7/5 15:00,545154
2018/7/5 15:10,526992
2018/7/5 15:20,545556
2018/7/5 15:30,527079
2018/7/5 15:40,545562
2018/7/5 15:50,526141
2018/7/5 16:00,543050
2018/7/5 16:10,525158
2018/7/5 16:20,535226
2018/7/5 16:30,530943
2018/7/5 16:40,529467
2018/7/5 16:50,537535
2018/7/5 17:00,529647
2018/7/5 17:10,541615
2018/7/5 17:20,529868
2018/7/5 17:30,551101
2018/7/5 17:40,538588
2018/7/5 17:50,559806
2018/7/5 18:00,550772
2018/7/5 18:10,534489
2018/7/5 18:20,580588
2018/7/5 18:30,581352
2018/7/5 18:40,599526
2018/7/5 18:50,599526
2018/7/5 19:00,598246
2018/7/5 19:10,468913
2018/7/5 19:20,593959
2018/7/5 19:30,577928
2018/7/5 19:40,538128
2018/7/5 19:50,538128
2018/7/5 20:00,544253
2018/7/5 20:10,463515
2018/7/5 20:20,472958
2018/7/5 20:30,504336
2018/7/5 20:40,514007
2018/7/5 20:50,546045
2018/7/5 21:00,541937
2018/7/5 21:10,457342
2018/7/5 21:20,475845
2018/7/5 21:30,537576
2018/7/5 21:40,515901
2018/7/5 21:50,562362
2018/7/5 22:00,565701
2018/7/5 22:10,443368
2018/7/5 22:20,471531
2018/7/5 22:30,603214
2018/7/5 22:40,647412
2018/7/5 22:50,697824
2018/7/5 23:00,675992
2018/7/5 23:10,675992
2018/7/5 23:20,651794
2018/7/5 23:30,630996
2018/7/5 23:40,610775
2018/7/5 23:50,589551
2018/7/6 0:00,585741
2018/7/6 0:10,556423
2018/7/6 0:20,560271
2018/7/6 0:30,527041
2018/7/6 0:40,534963
2018/7/6 0:50,505318
2018/7/6 1:00,507526
2018/7/6 1:10,482986
2018/7/6 1:20,482641
2018/7/6 1:30,465675
2018/7/6 1:40,455777
2018/7/6 1:50,454390
2018/7/6 2:00,433661
2018/7/6 2:10,433889
2018/7/6 2:20,418749
2018/7/6 2:30,417610
2018/7/6 2:40,412457
2018/7/6 2:50,408820
2018/7/6 3:00,402443
2018/7/6 3:10,395588
2018/7/6 3:20,387865
2018/7/6 3:30,383319
2018/7/6 3:40,378987
2018/7/6 3:50,375226
2018/7/6 4:00,372175
2018/7/6 4:10,369238
2018/7/6 4:20,366737
2018/7/6 4:30,364696
2018/7/6 4:40,362710
2018/7/6 4:50,361398
2018/7/6 5:00,360202
2018/7/6 5:10,359297
2018/7/6 5:20,359210
2018/7/6 5:30,359666
2018/7/6 5:40,360652
2018/7/6 5:50,362476
2018/7/6 6:00,365176
2018/7/6 6:10,365153
2018/7/6 6:20,372577
2018/7/6 6:30,376723
2018/7/6 6:40,380919
2018/7/6 6:50,385979
2018/7/6 7:00,390887
2018/7/6 7:10,395791
2018/7/6 7:20,401672
2018/7/6 7:30,397990
2018/7/6 7:40,409439
2018/7/6 7:50,413306
2018/7/6 8:00,415780
2018/7/6 8:10,420436
2018/7/6 8:20,428632
2018/7/6 8:30,429899
2018/7/6 8:40,443899
2018/7/6 8:50,443398
2018/7/6 9:00,447360
2018/7/6 9:10,461795
2018/7/6 9:20,453393
2018/7/6 9:30,477122
2018/7/6 9:40,465712
2018/7/6 9:50,486022
2018/7/6 10:00,481201
2018/7/6 10:10,490725
2018/7/6 10:20,488483
2018/7/6 10:30,501647
2018/7/6 10:40,496470
2018/7/6 10:50,511345
2018/7/6 11:00,506826
2018/7/6 11:10,517267
2018/7/6 11:20,505764
2018/7/6 11:30,530109
2018/7/6 11:40,517432
2018/7/6 11:50,540509
2018/7/6 12:00,528509
2018/7/6 12:10,544592
2018/7/6 12:20,544638
2018/7/6 12:30,541943
2018/7/6 12:40,557490
2018/7/6 12:50,541086
2018/7/6 13:00,562462
2018/7/6 13:10,542426
2018/7/6 13:20,547851
2018/7/6 13:30,550612
2018/7/6 13:40,539874
2018/7/6 13:50,551987
2018/7/6 14:00,535059
2018/7/6 14:10,550683
2018/7/6 14:20,533714
2018/7/6 14:30,551183
2018/7/6 14:40,532712
2018/7/6 14:50,548157
2018/7/6 15:00,533251
2018/7/6 15:10,542063
2018/7/6 15:20,538983
2018/7/6 15:30,534014
2018/7/6 15:40,547276
2018/7/6 15:50,529955
2018/7/6 16:00,549862
2018/7/6 16:10,532785
2018/7/6 16:20,549613
2018/7/6 16:30,537555
2018/7/6 16:40,543946
2018/7/6 16:50,548623
2018/7/6 17:00,543305
2018/7/6 17:10,556687
2018/7/6 17:20,546361
2018/7/6 17:30,565511
2018/7/6 17:40,554641
2018/7/6 17:50,566578
2018/7/6 18:00,572061
2018/7/6 18:10,536019
2018/7/6 18:20,596476
2018/7/6 18:30,595113
2018/7/6 18:40,596445
2018/7/6 18:50,626095
2018/7/6 19:00,604020
2018/7/6 19:10,472107
2018/7/6 19:20,579145
2018/7/6 19:30,579457
2018/7/6 19:40,550050
2018/7/6 19:50,543209
2018/7/6 20:00,527035
2018/7/6 20:10,447778
2018/7/6 20:20,463381
2018/7/6 20:30,497752
2018/7/6 20:40,490010
2018/7/6 20:50,527646
2018/7/6 21:00,519258
2018/7/6 21:10,427067
2018/7/6 21:20,444003
2018/7/6 21:30,508948
2018/7/6 21:40,520478
2018/7/6 21:50,555280
2018/7/6 22:00,547184
2018/7/6 22:10,407025
2018/7/6 22:20,443449
2018/7/6 22:30,571977
2018/7/6 22:40,620643
2018/7/6 22:50,641892
2018/7/6 23:00,697378
2018/7/6 23:10,626567
2018/7/6 23:20,672795
2018/7/6 23:30,683691
2018/7/6 23:40,675488
2018/7/6 23:50,639970
2018/7/7 0:00,638352
2018/7/7 0:10,597885
2018/7/7 0:20,594184
2018/7/7 0:30,572200
2018/7/7 0:40,563059
2018/7/7 0:50,549015
2018/7/7 1:00,548998
2018/7/7 1:10,517754
2018/7/7 1:20,520115
2018/7/7 1:30,504271
2018/7/7 1:40,495816
2018/7/7 1:50,485233
2018/7/7 2:00,484031
2018/7/7 2:10,460084
2018/7/7 2:20,463885
2018/7/7 2:30,459723
2018/7/7 2:40,452193
2018/7/7 2:50,447468
2018/7/7 3:00,440210
2018/7/7 3:10,432262
2018/7/7 3:20,412440
2018/7/7 3:30,417137
2018/7/7 3:40,413436
2018/7/7 3:50,410581
2018/7/7 4:00,404885
2018/7/7 4:10,395848
2018/7/7 4:20,391922
2018/7/7 4:30,388669
2018/7/7 4:40,385877
2018/7/7 4:50,383825
2018/7/7 5:00,381880
2018/7/7 5:10,380012
2018/7/7 5:20,379210
2018/7/7 5:30,378976
2018/7/7 5:40,379565
2018/7/7 5:50,381069
2018/7/7 6:00,383075
2018/7/7 6:10,385369
2018/7/7 6:20,389020
2018/7/7 6:30,382839
2018/7/7 6:40,396097
2018/7/7 6:50,393907
2018/7/7 7:00,397910
2018/7/7 7:10,404945
2018/7/7 7:20,408982
2018/7/7 7:30,408699
2018/7/7 7:40,427735
2018/7/7 7:50,419777
2018/7/7 8:00,435097
2018/7/7 8:10,434332
2018/7/7 8:20,446835
2018/7/7 8:30,449905
2018/7/7 8:40,457489
2018/7/7 8:50,459681
2018/7/7 9:00,475659
2018/7/7 9:10,467184
2018/7/7 9:20,492322
2018/7/7 9:30,483720
2018/7/7 9:40,493483
2018/7/7 9:50,510365
2018/7/7 10:00,500608
2018/7/7 10:10,522012
2018/7/7 10:20,516821
2018/7/7 10:30,516863
2018/7/7 10:40,541861
2018/7/7 10:50,528912
2018/7/7 11:00,531404
2018/7/7 11:10,552794
2018/7/7 11:20,540898
2018/7/7 11:30,545103
2018/7/7 11:40,562180
2018/7/7 11:50,554172
2018/7/7 12:00,570303
2018/7/7 12:10,563563
2018/7/7 12:20,565279
2018/7/7 12:30,587582
2018/7/7 12:40,571906
2018/7/7 12:50,569664
2018/7/7 13:00,589818
2018/7/7 13:10,571514
2018/7/7 13:20,570213
2018/7/7 13:30,583078
2018/7/7 13:40,568358
2018/7/7 13:50,575486
2018/7/7 14:00,573736
2018/7/7 14:10,562416
2018/7/7 14:20,579160
2018/7/7 14:30,568316
2018/7/7 14:40,562962
2018/7/7 14:50,583027
2018/7/7 15:00,564785
2018/7/7 15:10,562525
2018/7/7 15:20,583783
2018/7/7 15:30,566173
2018/7/7 15:40,565604
2018/7/7 15:50,580109
2018/7/7 16:00,564970
2018/7/7 16:10,571834
2018/7/7 16:20,573075
2018/7/7 16:30,563196
2018/7/7 16:40,582275
2018/7/7 16:50,565619
2018/7/7 17:00,559927
2018/7/7 17:10,571237
2018/7/7 17:20,568176
2018/7/7 17:30,575758
2018/7/7 17:40,575342
2018/7/7 17:50,570354
2018/7/7 18:00,566831
2018/7/7 18:10,528214
2018/7/7 18:20,584630
2018/7/7 18:30,593688
2018/7/7 18:40,597518
2018/7/7 18:50,594896
2018/7/7 19:00,569531
2018/7/7 19:10,499331
2018/7/7 19:20,603445
2018/7/7 19:30,618001
2018/7/7 19:40,563390
2018/7/7 19:50,546831
2018/7/7 20:00,536899
2018/7/7 20:10,451553
2018/7/7 20:20,467967
2018/7/7 20:30,476570
2018/7/7 20:40,488963
2018/7/7 20:50,508629
2018/7/7 21:00,487919
2018/7/7 21:10,427919
2018/7/7 21:20,437257
2018/7/7 21:30,489148
2018/7/7 21:40,490175
2018/7/7 21:50,522853
2018/7/7 22:00,501999
2018/7/7 22:10,405784
2018/7/7 22:20,456172
2018/7/7 22:30,579344
2018/7/7 22:40,605710
2018/7/7 22:50,642346
2018/7/7 23:00,677599
2018/7/7 23:10,594450
2018/7/7 23:20,653986
2018/7/7 23:30,681437
2018/7/7 23:40,672047
2018/7/7 23:50,642463
2018/7/8 0:00,619963
2018/7/8 0:10,618923
2018/7/8 0:20,586243
2018/7/8 0:30,576992
2018/7/8 0:40,566265
2018/7/8 0:50,554341
2018/7/8 1:00,539010
2018/7/8 1:10,537717
2018/7/8 1:20,509180
2018/7/8 1:30,507131
2018/7/8 1:40,502502
2018/7/8 1:50,480585
2018/7/8 2:00,476146
2018/7/8 2:10,465836
2018/7/8 2:20,458827
2018/7/8 2:30,454592
2018/7/8 2:40,449695
2018/7/8 2:50,444746
2018/7/8 3:00,436426
2018/7/8 3:10,417064
2018/7/8 3:20,419710
2018/7/8 3:30,411851
2018/7/8 3:40,408794
2018/7/8 3:50,407437
2018/7/8 4:00,404895
2018/7/8 4:10,400783
2018/7/8 4:20,395415
2018/7/8 4:30,392967
2018/7/8 4:40,393188
2018/7/8 4:50,391459
2018/7/8 5:00,387080
2018/7/8 5:10,382421
2018/7/8 5:20,381110
2018/7/8 5:30,380489
2018/7/8 5:40,380940
2018/7/8 5:50,382352
2018/7/8 6:00,384426
2018/7/8 6:10,384429
2018/7/8 6:20,389813
2018/7/8 6:30,384240
2018/7/8 6:40,387314
2018/7/8 6:50,400445
2018/7/8 7:00,393461
2018/7/8 7:10,392945
2018/7/8 7:20,396296
2018/7/8 7:30,402346
2018/7/8 7:40,408960
2018/7/8 7:50,415804
2018/7/8 8:00,422784
2018/7/8 8:10,429329
2018/7/8 8:20,457583
2018/7/8 8:30,446008
2018/7/8 8:40,467314
2018/7/8 8:50,466845
2018/7/8 9:00,473357
2018/7/8 9:10,488680
2018/7/8 9:20,486216
2018/7/8 9:30,499650
2018/7/8 9:40,510555
2018/7/8 9:50,509151
2018/7/8 10:00,532276
2018/7/8 10:10,523641
2018/7/8 10:20,526693
2018/7/8 10:30,549913
2018/7/8 10:40,540214
2018/7/8 10:50,545863
2018/7/8 11:00,558288
2018/7/8 11:10,553939
2018/7/8 11:20,567624
2018/7/8 11:30,566543
2018/7/8 11:40,562396
2018/7/8 11:50,586219
2018/7/8 12:00,574891
2018/7/8 12:10,556995
2018/7/8 12:20,602643
2018/7/8 12:30,587533
2018/7/8 12:40,592422
2018/7/8 12:50,599764
2018/7/8 13:00,589522
2018/7/8 13:10,589084
2018/7/8 13:20,592407
2018/7/8 13:30,582391
2018/7/8 13:40,600444
2018/7/8 13:50,582424
2018/7/8 14:00,575520
2018/7/8 14:10,549746
2018/7/8 14:20,583815
2018/7/8 14:30,582721
2018/7/8 14:40,590299
2018/7/8 14:50,578769
2018/7/8 15:00,589473
2018/7/8 15:10,583306
2018/7/8 15:20,576838
2018/7/8 15:30,597632
2018/7/8 15:40,579951
2018/7/8 15:50,580544
2018/7/8 16:00,593249
2018/7/8 16:10,578632
2018/7/8 16:20,584669
2018/7/8 16:30,584535
2018/7/8 16:40,576598
2018/7/8 16:50,590898
2018/7/8 17:00,581141
2018/7/8 17:10,575099
2018/7/8 17:20,593041
2018/7/8 17:30,576159
2018/7/8 17:40,579579
2018/7/8 17:50,584998
2018/7/8 18:00,569343
2018/7/8 18:10,551450
2018/7/8 18:20,587122
2018/7/8 18:30,584228
2018/7/8 18:40,607299
2018/7/8 18:50,598320
2018/7/8 19:00,592086
2018/7/8 19:10,524144
2018/7/8 19:20,625957
2018/7/8 19:30,644725
2018/7/8 19:40,597342
2018/7/8 19:50,603266
2018/7/8 20:00,591291
2018/7/8 20:10,492291
2018/7/8 20:20,494761
2018/7/8 20:30,518231
2018/7/8 20:40,538470
2018/7/8 20:50,569205
2018/7/8 21:00,551736
2018/7/8 21:10,452796
2018/7/8 21:20,481071
2018/7/8 21:30,551222
2018/7/8 21:40,565515
2018/7/8 21:50,572229
2018/7/8 22:00,579095
2018/7/8 22:10,484888
2018/7/8 22:20,529362
2018/7/8 22:30,666633
2018/7/8 22:40,691987
2018/7/8 22:50,691301
2018/7/8 23:00,682948
2018/7/8 23:10,627455
2018/7/8 23:20,633499
2018/7/8 23:30,623139
2018/7/8 23:40,607004
2018/7/8 23:50,582629
2018/7/9 0:00,586986
2018/7/9 0:10,554206
2018/7/9 0:20,558602
2018/7/9 0:30,524844
2018/7/9 0:40,534047
2018/7/9 0:50,508339
2018/7/9 1:00,503281
2018/7/9 1:10,489921
2018/7/9 1:20,474669
2018/7/9 1:30,474159
2018/7/9 1:40,452957
2018/7/9 1:50,449486
2018/7/9 2:00,442972
2018/7/9 2:10,418943
2018/7/9 2:20,427823
2018/7/9 2:30,411736
2018/7/9 2:40,406440
2018/7/9 2:50,401462
2018/7/9 3:00,399152
2018/7/9 3:10,384457
2018/7/9 3:20,379150
2018/7/9 3:30,380373
2018/7/9 3:40,377058
2018/7/9 3:50,362879
2018/7/9 4:00,354238
2018/7/9 4:10,350081
2018/7/9 4:20,360391
2018/7/9 4:30,346981
2018/7/9 4:40,336478
2018/7/9 4:50,355788
2018/7/9 5:00,347794
2018/7/9 5:10,346884
2018/7/9 5:20,352799
2018/7/9 5:30,349655
2018/7/9 5:40,340174
2018/7/9 5:50,355889
2018/7/9 6:00,356281
2018/7/9 6:10,357760
2018/7/9 6:20,361238
2018/7/9 6:30,369692
2018/7/9 6:40,365816
2018/7/9 6:50,371358
2018/7/9 7:00,381633
2018/7/9 7:10,382623
2018/7/9 7:20,387695
2018/7/9 7:30,397946
2018/7/9 7:40,398512
2018/7/9 7:50,399985
2018/7/9 8:00,418052
2018/7/9 8:10,406850
2018/7/9 8:20,427283
2018/7/9 8:30,422580
2018/7/9 8:40,435614
2018/7/9 8:50,438618
2018/7/9 9:00,445276
2018/7/9 9:10,456532
2018/7/9 9:20,454884
2018/7/9 9:30,476354
2018/7/9 9:40,463892
2018/7/9 9:50,486832
2018/7/9 10:00,480244
2018/7/9 10:10,493085
2018/7/9 10:20,487588
2018/7/9 10:30,507315
2018/7/9 10:40,496134
2018/7/9 10:50,518584
2018/7/9 11:00,504463
2018/7/9 11:10,524735
2018/7/9 11:20,513529
2018/7/9 11:30,531259
2018/7/9 11:40,525830
2018/7/9 11:50,534507
2018/7/9 12:00,545801
2018/7/9 12:10,537768
2018/7/9 12:20,563211
2018/7/9 12:30,548906
2018/7/9 12:40,559267
2018/7/9 12:50,561678
2018/7/9 13:00,551427
2018/7/9 13:10,566732
2018/7/9 13:20,549687
2018/7/9 13:30,560433
2018/7/9 13:40,551485
2018/7/9 13:50,547085
2018/7/9 14:00,558217
2018/7/9 14:10,539878
2018/7/9 14:20,559406
2018/7/9 14:30,541176
2018/7/9 14:40,554827
2018/7/9 14:50,544139
2018/7/9 15:00,545137
2018/7/9 15:10,551055
2018/7/9 15:20,537711
2018/7/9 15:30,557796
2018/7/9 15:40,539013
2018/7/9 15:50,555938
2018/7/9 16:00,536845
2018/7/9 16:10,547788
2018/7/9 16:20,541746
2018/7/9 16:30,534937
2018/7/9 16:40,552891
2018/7/9 16:50,536041
2018/7/9 17:00,554703
2018/7/9 17:10,539859
2018/7/9 17:20,543231
2018/7/9 17:30,554516
2018/7/9 17:40,544779
2018/7/9 17:50,564094
2018/7/9 18:00,552046
2018/7/9 18:10,553523
2018/7/9 18:20,578178
2018/7/9 18:30,568264
2018/7/9 18:40,587232
2018/7/9 18:50,586994
2018/7/9 19:00,576467
2018/7/9 19:10,560340
2018/7/9 19:20,617035
2018/7/9 19:30,636756
2018/7/9 19:40,587670
2018/7/9 19:50,595826
2018/7/9 20:00,580460
2018/7/9 20:10,477708
2018/7/9 20:20,485920
2018/7/9 20:30,527891
2018/7/9 20:40,543348
2018/7/9 20:50,562505
2018/7/9 21:00,563826
2018/7/9 21:10,455524
2018/7/9 21:20,452763
2018/7/9 21:30,544932
2018/7/9 21:40,556748
2018/7/9 21:50,581213
2018/7/9 22:00,589998
2018/7/9 22:10,460249
2018/7/9 22:20,498118
2018/7/9 22:30,624354
2018/7/9 22:40,681968
2018/7/9 22:50,696236
2018/7/9 23:00,684092
2018/7/9 23:10,644036
2018/7/9 23:20,645712
2018/7/9 23:30,639080
2018/7/9 23:40,604145
2018/7/9 23:50,594036
2018/7/10 0:00,582430
2018/7/10 0:10,558860
2018/7/10 0:20,559864
2018/7/10 0:30,528194
2018/7/10 0:40,537049
2018/7/10 0:50,509682
2018/7/10 1:00,503670
2018/7/10 1:10,480035
2018/7/10 1:20,476206
2018/7/10 1:30,459645
2018/7/10 1:40,448476
2018/7/10 1:50,450250
2018/7/10 2:00,427600
2018/7/10 2:10,424162
2018/7/10 2:20,415735
2018/7/10 2:30,405736
2018/7/10 2:40,407044
2018/7/10 2:50,400534
2018/7/10 3:00,394314
2018/7/10 3:10,387208
2018/7/10 3:20,371318
2018/7/10 3:30,373757
2018/7/10 3:40,369600
2018/7/10 3:50,366090
2018/7/10 4:00,363143
2018/7/10 4:10,360033
2018/7/10 4:20,357600
2018/7/10 4:30,355155
2018/7/10 4:40,353190
2018/7/10 4:50,351441
2018/7/10 5:00,350170
2018/7/10 5:10,349096
2018/7/10 5:20,348604
2018/7/10 5:30,348836
2018/7/10 5:40,349874
2018/7/10 5:50,351754
2018/7/10 6:00,354448
2018/7/10 6:10,358067
2018/7/10 6:20,362051
2018/7/10 6:30,366294
2018/7/10 6:40,370444
2018/7/10 6:50,375296
2018/7/10 7:00,380669
2018/7/10 7:10,385812
2018/7/10 7:20,391970
2018/7/10 7:30,397529
2018/7/10 7:40,402855
2018/7/10 7:50,404923
2018/7/10 8:00,408927
2018/7/10 8:10,410887
2018/7/10 8:20,424751
2018/7/10 8:30,427357
2018/7/10 8:40,429925
2018/7/10 8:50,440362
2018/7/10 9:00,450273
2018/7/10 9:10,439741
2018/7/10 9:20,465781
2018/7/10 9:30,460187
2018/7/10 9:40,471312
2018/7/10 9:50,480601
2018/7/10 10:00,475041
2018/7/10 10:10,494329
2018/7/10 10:20,482184
2018/7/10 10:30,504512
2018/7/10 10:40,493080
2018/7/10 10:50,512862
2018/7/10 11:00,503702
2018/7/10 11:10,517376
2018/7/10 11:20,515248
2018/7/10 11:30,521227
2018/7/10 11:40,531637
2018/7/10 11:50,528422
2018/7/10 12:00,545776
2018/7/10 12:10,538406
2018/7/10 12:20,561650
2018/7/10 12:30,548021
2018/7/10 12:40,564386
2018/7/10 12:50,554501
2018/7/10 13:00,562273
2018/7/10 13:10,557297
2018/7/10 13:20,550888
2018/7/10 13:30,562053
2018/7/10 13:40,547110
2018/7/10 13:50,563884
2018/7/10 14:00,544156
2018/7/10 14:10,561093
2018/7/10 14:20,543599
2018/7/10 14:30,556729
2018/7/10 14:40,548580
2018/7/10 14:50,556645
2018/7/10 15:00,548123
2018/7/10 15:10,551071
2018/7/10 15:20,552536
2018/7/10 15:30,543466
2018/7/10 15:40,558775
2018/7/10 15:50,541695
2018/7/10 16:00,559292
2018/7/10 16:10,540869
2018/7/10 16:20,558046
2018/7/10 16:30,541506
2018/7/10 16:40,552958
2018/7/10 16:50,544183
2018/7/10 17:00,549057
2018/7/10 17:10,552516
2018/7/10 17:20,541065
2018/7/10 17:30,561935
2018/7/10 17:40,546938
2018/7/10 17:50,567374
2018/7/10 18:00,549986
2018/7/10 18:10,570863
2018/7/10 18:20,562241
2018/7/10 18:30,571933
2018/7/10 18:40,580716
2018/7/10 18:50,576177
2018/7/10 19:00,599168
2018/7/10 19:10,591272
2018/7/10 19:20,619157
2018/7/10 19:30,614454
2018/7/10 19:40,627814
2018/7/10 19:50,638239
2018/7/10 20:00,626110
2018/7/10 20:10,455944
2018/7/10 20:20,514768
2018/7/10 20:30,541793
2018/7/10 20:40,542918
2018/7/10 20:50,569581
2018/7/10 21:00,579268
2018/7/10 21:10,453913
2018/7/10 21:20,486111
2018/7/10 21:30,544242
2018/7/10 21:40,547009
2018/7/10 21:50,580944
2018/7/10 22:00,586089
2018/7/10 22:10,586089
2018/7/10 22:20,472791
2018/7/10 22:30,588920
2018/7/10 22:40,616703
2018/7/10 22:50,681065
2018/7/10 23:00,691146
2018/7/10 23:10,691146
2018/7/10 23:20,658859
2018/7/10 23:30,648755
2018/7/10 23:40,614263
2018/7/10 23:50,617280
2018/7/11 0:00,586924
2018/7/11 0:10,581403
2018/7/11 0:20,555203
2018/7/11 0:30,549681
2018/7/11 0:40,537571
2018/7/11 0:50,529750
2018/7/11 1:00,510851
2018/7/11 1:10,513277
2018/7/11 1:20,484345
2018/7/11 1:30,486468
2018/7/11 1:40,473934
2018/7/11 1:50,458203
2018/7/11 2:00,464577
2018/7/11 2:10,441889
2018/7/11 2:20,450775
2018/7/11 2:30,448141
2018/7/11 2:40,440030
2018/7/11 2:50,436773
2018/7/11 3:00,430524
2018/7/11 3:10,422016
2018/7/11 3:20,405321
2018/7/11 3:30,408814
2018/7/11 3:40,406033
2018/7/11 3:50,403023
2018/7/11 4:00,397622
2018/7/11 4:10,387565
2018/7/11 4:20,383538
2018/7/11 4:30,379852
2018/7/11 4:40,377248
2018/7/11 4:50,375397
2018/7/11 5:00,374304
2018/7/11 5:10,372525
2018/7/11 5:20,372527
2018/7/11 5:30,372689
2018/7/11 5:40,373664
2018/7/11 5:50,375997
2018/7/11 6:00,378355
2018/7/11 6:10,381756
2018/7/11 6:20,386073
2018/7/11 6:30,390956
2018/7/11 6:40,395704
2018/7/11 6:50,401289
2018/7/11 7:00,406469
2018/7/11 7:10,411042
2018/7/11 7:20,409972
2018/7/11 7:30,422605
2018/7/11 7:40,425586
2018/7/11 7:50,427766
2018/7/11 8:00,436048
2018/7/11 8:10,444125
2018/7/11 8:20,440214
2018/7/11 8:30,463209
2018/7/11 8:40,456705
2018/7/11 8:50,469607
2018/7/11 9:00,475256
2018/7/11 9:10,479563
2018/7/11 9:20,488850
2018/7/11 9:30,494565
2018/7/11 9:40,499334
2018/7/11 9:50,509470
2018/7/11 10:00,507614
2018/7/11 10:10,519859
2018/7/11 10:20,513455
2018/7/11 10:30,535944
2018/7/11 10:40,521580
2018/7/11 10:50,543710
2018/7/11 11:00,529160
2018/7/11 11:10,546356
2018/7/11 11:20,534961
2018/7/11 11:30,547306
2018/7/11 11:40,546675
2018/7/11 11:50,552723
2018/7/11 12:00,559199
2018/7/11 12:10,555701
2018/7/11 12:20,575953
2018/7/11 12:30,564807
2018/7/11 12:40,583089
2018/7/11 12:50,568034
2018/7/11 13:00,585027
2018/7/11 13:10,567136
2018/7/11 13:20,575076
2018/7/11 13:30,570711
2018/7/11 13:40,567889
2018/7/11 13:50,572267
2018/7/11 14:00,564616
2018/7/11 14:10,567916
2018/7/11 14:20,557321
2018/7/11 14:30,574804
2018/7/11 14:40,557210
2018/7/11 14:50,575498
2018/7/11 15:00,556530
2018/7/11 15:10,574441
2018/7/11 15:20,558137
2018/7/11 15:30,572585
2018/7/11 15:40,562041
2018/7/11 15:50,570284
2018/7/11 16:00,563433
2018/7/11 16:10,562401
2018/7/11 16:20,569740
2018/7/11 16:30,559424
2018/7/11 16:40,575973
2018/7/11 16:50,558887
2018/7/11 17:00,580309
2018/7/11 17:10,509086
2018/7/11 17:20,553342
2018/7/11 17:30,579182
2018/7/11 17:40,569676
2018/7/11 17:50,589597
2018/7/11 18:00,572876
2018/7/11 18:10,561935
2018/7/11 18:20,593847
2018/7/11 18:30,611122
2018/7/11 18:40,608833
2018/7/11 18:50,623392
2018/7/11 19:00,617490
2018/7/11 19:10,511108
2018/7/11 19:20,655935
2018/7/11 19:30,652750
2018/7/11 19:40,583018
2018/7/11 19:50,583265
2018/7/11 20:00,556270
2018/7/11 20:10,466541
2018/7/11 20:20,473027
2018/7/11 20:30,523418
2018/7/11 20:40,535037
2018/7/11 20:50,574189
2018/7/11 21:00,558335
2018/7/11 21:10,452001
2018/7/11 21:20,475454
2018/7/11 21:30,539471
2018/7/11 21:40,554540
2018/7/11 21:50,579165
2018/7/11 22:00,571679
2018/7/11 22:10,446752
2018/7/11 22:20,495011
2018/7/11 22:30,603062
2018/7/11 22:40,668824
2018/7/11 22:50,710951
2018/7/11 23:00,687547
2018/7/11 23:10,585055
2018/7/11 23:20,677558
2018/7/11 23:30,636638
2018/7/11 23:40,622839
2018/7/11 23:50,599910
2018/7/12 0:00,593561
2018/7/12 0:10,567533
2018/7/12 0:20,562439
2018/7/12 0:30,542136
2018/7/12 0:40,535257
2018/7/12 0:50,517170
2018/7/12 1:00,519581
2018/7/12 1:10,491488
2018/7/12 1:20,490670
2018/7/12 1:30,478804
2018/7/12 1:40,467661
2018/7/12 1:50,461434
2018/7/12 2:00,457858
2018/7/12 2:10,437354
2018/7/12 2:20,447540
2018/7/12 2:30,441441
2018/7/12 2:40,437514
2018/7/12 2:50,431826
2018/7/12 3:00,424797
2018/7/12 3:10,418008
2018/7/12 3:20,410401
2018/7/12 3:30,406312
2018/7/12 3:40,402565
2018/7/12 3:50,399270
2018/7/12 4:00,395485
2018/7/12 4:10,392553
2018/7/12 4:20,390653
2018/7/12 4:30,388795
2018/7/12 4:40,386500
2018/7/12 4:50,378653
2018/7/12 5:00,375245
2018/7/12 5:10,372969
2018/7/12 5:20,371699
2018/7/12 5:30,371356
2018/7/12 5:40,371632
2018/7/12 5:50,373043
2018/7/12 6:00,374988
2018/7/12 6:10,377339
2018/7/12 6:20,381119
2018/7/12 6:30,384841
2018/7/12 6:40,388404
2018/7/12 6:50,393225
2018/7/12 7:00,397826
2018/7/12 7:10,402372
2018/7/12 7:20,407941
2018/7/12 7:30,413202
2018/7/12 7:40,413374
2018/7/12 7:50,418915
2018/7/12 8:00,427133
2018/7/12 8:10,423465
2018/7/12 8:20,430148
2018/7/12 8:30,445133
2018/7/12 8:40,438636
2018/7/12 8:50,448205
2018/7/12 9:00,460822
2018/7/12 9:10,450282
2018/7/12 9:20,476667
2018/7/12 9:30,465545
2018/7/12 9:40,485363
2018/7/12 9:50,480748
2018/7/12 10:00,493528
2018/7/12 10:10,488287
2018/7/12 10:20,506171
2018/7/12 10:30,493598
2018/7/12 10:40,518211
2018/7/12 10:50,504956
2018/7/12 11:00,526843
2018/7/12 11:10,512458
2018/7/12 11:20,530340
2018/7/12 11:30,523979
2018/7/12 11:40,533417
2018/7/12 11:50,539634
2018/7/12 12:00,536163
2018/7/12 12:10,557222
2018/7/12 12:20,547963
2018/7/12 12:30,565554
2018/7/12 12:40,554403
2018/7/12 12:50,556794
2018/7/12 13:00,565581
2018/7/12 13:10,549735
2018/7/12 13:20,566933
2018/7/12 13:30,548039
2018/7/12 13:40,559984
2018/7/12 13:50,549581
2018/7/12 14:00,554208
2018/7/12 14:10,550083
2018/7/12 14:20,545634
2018/7/12 14:30,557984
2018/7/12 14:40,542611
2018/7/12 14:50,559184
2018/7/12 15:00,539586
2018/7/12 15:10,558249
2018/7/12 15:20,541128
2018/7/12 15:30,558728
2018/7/12 15:40,541457
2018/7/12 15:50,552969
2018/7/12 16:00,543389
2018/7/12 16:10,544392
2018/7/12 16:20,550433
2018/7/12 16:30,537606
2018/7/12 16:40,554638
2018/7/12 16:50,538006
2018/7/12 17:00,557615
2018/7/12 17:10,540375
2018/7/12 17:20,555452
2018/7/12 17:30,547647
2018/7/12 17:40,549190
2018/7/12 17:50,562181
2018/7/12 18:00,550884
2018/7/12 18:10,570341
2018/7/12 18:20,561234
2018/7/12 18:30,579860
2018/7/12 18:40,575991
2018/7/12 18:50,585048
2018/7/12 19:00,596782
2018/7/12 19:10,587348
2018/7/12 19:20,623555
2018/7/12 19:30,617950
2018/7/12 19:40,630862
2018/7/12 19:50,642002
2018/7/12 20:00,614458
2018/7/12 20:10,456986
2018/7/12 20:20,503700
2018/7/12 20:30,532736
2018/7/12 20:40,543616
2018/7/12 20:50,576355
2018/7/12 21:00,568801
2018/7/12 21:10,458224
2018/7/12 21:20,472719
2018/7/12 21:30,529875
2018/7/12 21:40,550757
2018/7/12 21:50,574520
2018/7/12 22:00,577378
2018/7/12 22:10,446923
2018/7/12 22:20,485684
2018/7/12 22:30,620409
2018/7/12 22:40,675712
2018/7/12 22:50,697422
2018/7/12 23:00,682720
2018/7/12 23:10,613055
2018/7/12 23:20,651498
2018/7/12 23:30,644911
2018/7/12 23:40,602983
2018/7/12 23:50,596733
2018/7/13 0:00,581881
2018/7/13 0:10,556627
2018/7/13 0:20,565025
2018/7/13 0:30,529640
2018/7/13 0:40,525018
2018/7/13 0:50,512786
2018/7/13 1:00,501321
2018/7/13 1:10,478069
2018/7/13 1:20,478603
2018/7/13 1:30,456428
2018/7/13 1:40,450825
2018/7/13 1:50,449003
2018/7/13 2:00,427144
2018/7/13 2:10,422959
2018/7/13 2:20,419780
2018/7/13 2:30,412880
2018/7/13 2:40,407060
2018/7/13 2:50,400285
2018/7/13 3:00,393746
2018/7/13 3:10,386468
2018/7/13 3:20,378203
2018/7/13 3:30,373654
2018/7/13 3:40,368810
2018/7/13 3:50,365079
2018/7/13 4:00,361960
2018/7/13 4:10,359014
2018/7/13 4:20,356959
2018/7/13 4:30,354742
2018/7/13 4:40,352839
2018/7/13 4:50,351381
2018/7/13 5:00,349797
2018/7/13 5:10,348453
2018/7/13 5:20,347864
2018/7/13 5:30,348089
2018/7/13 5:40,348900
2018/7/13 5:50,350561
2018/7/13 6:00,352863
2018/7/13 6:10,355461
2018/7/13 6:20,358844
2018/7/13 6:30,362967
2018/7/13 6:40,366827
2018/7/13 6:50,371614
2018/7/13 7:00,376765
2018/7/13 7:10,381722
2018/7/13 7:20,387568
2018/7/13 7:30,393100
2018/7/13 7:40,398469
2018/7/13 7:50,404224
2018/7/13 8:00,410303
2018/7/13 8:10,407894
2018/7/13 8:20,413826
2018/7/13 8:30,424987
2018/7/13 8:40,429151
2018/7/13 8:50,430942
2018/7/13 9:00,442470
2018/7/13 9:10,445225
2018/7/13 9:20,448763
2018/7/13 9:30,466085
2018/7/13 9:40,456695
2018/7/13 9:50,478881
2018/7/13 10:00,472843
2018/7/13 10:10,482859
2018/7/13 10:20,478716
2018/7/13 10:30,497261
2018/7/13 10:40,487061
2018/7/13 10:50,508429
2018/7/13 11:00,496520
2018/7/13 11:10,514075
2018/7/13 11:20,503942
2018/7/13 11:30,525716
2018/7/13 11:40,513009
2018/7/13 11:50,532526
2018/7/13 12:00,529071
2018/7/13 12:10,536033
2018/7/13 12:20,547700
2018/7/13 12:30,536633
2018/7/13 12:40,558644
2018/7/13 12:50,543015
2018/7/13 13:00,560427
2018/7/13 13:10,541169
2018/7/13 13:20,549624
2018/7/13 13:30,546273
2018/7/13 13:40,541305
2018/7/13 13:50,550399
2018/7/13 14:00,538513
2018/7/13 14:10,546027
2018/7/13 14:20,533641
2018/7/13 14:30,551164
2018/7/13 14:40,532275
2018/7/13 14:50,550636
2018/7/13 15:00,531400
2018/7/13 15:10,549041
2018/7/13 15:20,531694
2018/7/13 15:30,545182
2018/7/13 15:40,536303
2018/7/13 15:50,536669
2018/7/13 16:00,537542
2018/7/13 16:10,529841
2018/7/13 16:20,541006
2018/7/13 16:30,527378
2018/7/13 16:40,544255
2018/7/13 16:50,530891
2018/7/13 17:00,545567
2018/7/13 17:10,536963
2018/7/13 17:20,540530
2018/7/13 17:30,547719
2018/7/13 17:40,539516
2018/7/13 17:50,555678
2018/7/13 18:00,543395
2018/7/13 18:10,564242
2018/7/13 18:20,551830
2018/7/13 18:30,567202
2018/7/13 18:40,568174
2018/7/13 18:50,572701
2018/7/13 19:00,585767
2018/7/13 19:10,579480
2018/7/13 19:20,608393
2018/7/13 19:30,603697
2018/7/13 19:40,627361
2018/7/13 19:50,643768
2018/7/13 20:00,622003
2018/7/13 20:10,487295
2018/7/13 20:20,585952
2018/7/13 20:30,551977
2018/7/13 20:40,538118
2018/7/13 20:50,560531
2018/7/13 21:00,565532
2018/7/13 21:10,450189
2018/7/13 21:20,460124
2018/7/13 21:30,528057
2018/7/13 21:40,563624
2018/7/13 21:50,584777
2018/7/13 22:00,580923
2018/7/13 22:10,437422
2018/7/13 22:20,454477
2018/7/13 22:30,563767
2018/7/13 22:40,630816
2018/7/13 22:50,672648
2018/7/13 23:00,673486
2018/7/13 23:10,612459
2018/7/13 23:20,643904
2018/7/13 23:30,660507
2018/7/13 23:40,620676
2018/7/13 23:50,610362
2018/7/14 0:00,600575
2018/7/14 0:10,577436
2018/7/14 0:20,574836
2018/7/14 0:30,548632
2018/7/14 0:40,549005
2018/7/14 0:50,530649
2018/7/14 1:00,519098
2018/7/14 1:10,512380
2018/7/14 1:20,490767
2018/7/14 1:30,488196
2018/7/14 1:40,479933
2018/7/14 1:50,463767
2018/7/14 2:00,453791
2018/7/14 2:10,448730
2018/7/14 2:20,435952
2018/7/14 2:30,434130
2018/7/14 2:40,427180
2018/7/14 2:50,419605
2018/7/14 3:00,412291
2018/7/14 3:10,404143
2018/7/14 3:20,394516
2018/7/14 3:30,389322
2018/7/14 3:40,384228
2018/7/14 3:50,379725
2018/7/14 4:00,375887
2018/7/14 4:10,372236
2018/7/14 4:20,369243
2018/7/14 4:30,366498
2018/7/14 4:40,364151
2018/7/14 4:50,362164
2018/7/14 5:00,360046
2018/7/14 5:10,358256
2018/7/14 5:20,357291
2018/7/14 5:30,357028
2018/7/14 5:40,357704
2018/7/14 5:50,359184
2018/7/14 6:00,361451
2018/7/14 6:10,364216
2018/7/14 6:20,367966
2018/7/14 6:30,371562
2018/7/14 6:40,375075
2018/7/14 6:50,379784
2018/7/14 7:00,384992
2018/7/14 7:10,384655
2018/7/14 7:20,392182
2018/7/14 7:30,400149
2018/7/14 7:40,397637
2018/7/14 7:50,408222
2018/7/14 8:00,419623
2018/7/14 8:10,410916
2018/7/14 8:20,436442
2018/7/14 8:30,424186
2018/7/14 8:40,450330
2018/7/14 8:50,439261
2018/7/14 9:00,466301
2018/7/14 9:10,453575
2018/7/14 9:20,477399
2018/7/14 9:30,475241
2018/7/14 9:40,481126
2018/7/14 9:50,501698
2018/7/14 10:00,491527
2018/7/14 10:10,514051
2018/7/14 10:20,509356
2018/7/14 10:30,509690
2018/7/14 10:40,534190
2018/7/14 10:50,523769
2018/7/14 11:00,530829
2018/7/14 11:10,542199
2018/7/14 11:20,536541
2018/7/14 11:30,552581
2018/7/14 11:40,549886
2018/7/14 11:50,551573
2018/7/14 12:00,570169
2018/7/14 12:10,562115
2018/7/14 12:20,576709
2018/7/14 12:30,576304
2018/7/14 12:40,568096
2018/7/14 12:50,588919
2018/7/14 13:00,570363
2018/7/14 13:10,570128
2018/7/14 13:20,583986
2018/7/14 13:30,568087
2018/7/14 13:40,574582
2018/7/14 13:50,572570
2018/7/14 14:00,559209
2018/7/14 14:10,538859
2018/7/14 14:20,569144
2018/7/14 14:30,563805
2018/7/14 14:40,578920
2018/7/14 14:50,563809
2018/7/14 15:00,561375
2018/7/14 15:10,572240
2018/7/14 15:20,561561
2018/7/14 15:30,576261
2018/7/14 15:40,568868
2018/7/14 15:50,561089
2018/7/14 16:00,580276
2018/7/14 16:10,562328
2018/7/14 16:20,566015
2018/7/14 16:30,570852
2018/7/14 16:40,561081
2018/7/14 16:50,578607
2018/7/14 17:00,561655
2018/7/14 17:10,569624
2018/7/14 17:20,570014
2018/7/14 17:30,559134
2018/7/14 17:40,579435
2018/7/14 17:50,564012
2018/7/14 18:00,563227
2018/7/14 18:10,561640
2018/7/14 18:20,570003
2018/7/14 18:30,588402
2018/7/14 18:40,577013
2018/7/14 18:50,577875
2018/7/14 19:00,598862
2018/7/14 19:10,577731
2018/7/14 19:20,605031
2018/7/14 19:30,616528
2018/7/14 19:40,610340
2018/7/14 19:50,617344
2018/7/14 20:00,610225
2018/7/14 20:10,463719
2018/7/14 20:20,503752
2018/7/14 20:30,498037
2018/7/14 20:40,512290
2018/7/14 20:50,552431
2018/7/14 21:00,544926
2018/7/14 21:10,440758
2018/7/14 21:20,449206
2018/7/14 21:30,520115
2018/7/14 21:40,521203
2018/7/14 21:50,530095
2018/7/14 22:00,530363
2018/7/14 22:10,434136
2018/7/14 22:20,481868
2018/7/14 22:30,602689
2018/7/14 22:40,622704
2018/7/14 22:50,674537
2018/7/14 23:00,716491
2018/7/14 23:10,642165
2018/7/14 23:20,704478
2018/7/14 23:30,681013
2018/7/14 23:40,657481
2018/7/14 23:50,647316
2018/7/15 0:00,620609
2018/7/15 0:10,614559
2018/7/15 0:20,580592
2018/7/15 0:30,584850
2018/7/15 0:40,552669
2018/7/15 0:50,558164
2018/7/15 1:00,532606
2018/7/15 1:10,526599
2018/7/15 1:20,519946
2018/7/15 1:30,499712
2018/7/15 1:40,490655
2018/7/15 1:50,480771
2018/7/15 2:00,475601
2018/7/15 2:10,455428
2018/7/15 2:20,451845
2018/7/15 2:30,442350
2018/7/15 2:40,438194
2018/7/15 2:50,431179
2018/7/15 3:00,423633
2018/7/15 3:10,415072
2018/7/15 3:20,402770
2018/7/15 3:30,400553
2018/7/15 3:40,395245
2018/7/15 3:50,390580
2018/7/15 4:00,386479
2018/7/15 4:10,382538
2018/7/15 4:20,379317
2018/7/15 4:30,376322
2018/7/15 4:40,373260
2018/7/15 4:50,370863
2018/7/15 5:00,368715
2018/7/15 5:10,366813
2018/7/15 5:20,365500
2018/7/15 5:30,365131
2018/7/15 5:40,365220
2018/7/15 5:50,362886
2018/7/15 6:00,349968
2018/7/15 6:10,349963
2018/7/15 6:20,370749
2018/7/15 6:30,374321
2018/7/15 6:40,377275
2018/7/15 6:50,386213
2018/7/15 7:00,385617
2018/7/15 7:10,388099
2018/7/15 7:20,400430
2018/7/15 7:30,399137
2018/7/15 7:40,406509
2018/7/15 7:50,409449
2018/7/15 8:00,414805
2018/7/15 8:10,417149
2018/7/15 8:20,397141
2018/7/15 8:30,437531
2018/7/15 8:40,427698
2018/7/15 8:50,451980
2018/7/15 9:00,465529
2018/7/15 9:10,357104
2018/7/15 9:20,390596
2018/7/15 9:30,389200
2018/7/15 9:40,203937
2018/7/15 9:50,509574
2018/7/15 10:00,515129
2018/7/15 10:10,532809
2018/7/15 10:20,523181
2018/7/15 10:30,405945
2018/7/15 10:40,546873
2018/7/15 10:50,473897
2018/7/15 11:00,546254
2018/7/15 11:10,427421
2018/7/15 11:20,518514
2018/7/15 11:30,311525
2018/7/15 11:40,341404
2018/7/15 11:50,346194
2018/7/15 12:00,485790
2018/7/15 12:10,410431
2018/7/15 12:20,280295
2018/7/15 12:30,144975
2018/7/15 12:40,425033
2018/7/15 12:50,362361
2018/7/15 13:00,557695
2018/7/15 13:10,287166
2018/7/15 13:20,414261
2018/7/15 13:30,508742
2018/7/15 13:40,491507
2018/7/15 13:50,488352
2018/7/15 14:00,443062
2018/7/15 14:10,436065
2018/7/15 14:20,454500
2018/7/15 14:30,580443
2018/7/15 14:40,325724
2018/7/15 14:50,340047
2018/7/15 15:00,463765
2018/7/15 15:10,373000
2018/7/15 15:20,456521
2018/7/15 15:30,185927
2018/7/15 15:40,410765
2018/7/15 15:50,447341
2018/7/15 16:00,374587
2018/7/15 16:10,275073
2018/7/15 16:20,547268
2018/7/15 16:30,370014
2018/7/15 16:40,507215
2018/7/15 16:50,498558
2018/7/15 17:00,496170
2018/7/15 17:10,142112
2018/7/15 17:20,448444
2018/7/15 17:30,427869
2018/7/15 17:40,495506
2018/7/15 17:50,589173
2018/7/15 18:00,336891
2018/7/15 18:10,217765
2018/7/15 18:20,530915
2018/7/15 18:30,398280
2018/7/15 18:40,496720
2018/7/15 18:50,396446
2018/7/15 19:00,488905
2018/7/15 19:10,367602
2018/7/15 19:20,373220
2018/7/15 19:30,369749
2018/7/15 19:40,429626
2018/7/15 19:50,519227
2018/7/15 20:00,355966
2018/7/15 20:10,217451
2018/7/15 20:20,367751
2018/7/15 20:30,411845
2018/7/15 20:40,483905
2018/7/15 20:50,197433
2018/7/15 21:00,213047
2018/7/15 21:10,302058
2018/7/15 21:20,316605
2018/7/15 21:30,442042
2018/7/15 21:40,242503
2018/7/15 21:50,376846
2018/7/15 22:00,411191
2018/7/15 22:10,363175
2018/7/15 22:20,348144
2018/7/15 22:30,460720
2018/7/15 22:40,418925
2018/7/15 22:50,606180
2018/7/15 23:00,356984
2018/7/15 23:10,443096
2018/7/15 23:20,400105
2018/7/15 23:30,661819
2018/7/15 23:40,431699
2018/7/15 23:50,587625
2018/7/16 0:00,666323
2018/7/16 0:10,452121
2018/7/16 0:20,605837
2018/7/16 0:30,490836
2018/7/16 0:40,618946
2018/7/16 0:50,586808
2018/7/16 1:00,445440
2018/7/16 1:10,557945
2018/7/16 1:20,520529
2018/7/16 1:30,526034
2018/7/16 1:40,385248
2018/7/16 1:50,294623
2018/7/16 2:00,486754
2018/7/16 2:10,460137
2018/7/16 2:20,441534
2018/7/16 2:30,415388
2018/7/16 2:40,429021
2018/7/16 2:50,415754
2018/7/16 3:00,419539
2018/7/16 3:10,398113
2018/7/16 3:20,401840
2018/7/16 3:30,389072
2018/7/16 3:40,382234
2018/7/16 3:50,388937
2018/7/16 4:00,377307
2018/7/16 4:10,375857
2018/7/16 4:20,371535
2018/7/16 4:30,370868
2018/7/16 4:40,370593
2018/7/16 4:50,361767
2018/7/16 5:00,364468
2018/7/16 5:10,300539
2018/7/16 5:20,352579
2018/7/16 5:30,357273
2018/7/16 5:40,353145
2018/7/16 5:50,362472
2018/7/16 6:00,350936
2018/7/16 6:10,350702
2018/7/16 6:20,337533
2018/7/16 6:30,144417
2018/7/16 6:40,325258
