country_id,IMPORTANCE,REQ_SUCCESS_RATE,DIVINE_REQ_SUCCESS_RATE,REQ_SUCCESS,SCALER_REQ_SUCCESS_DRIFT,REQ_SUM,SCALER_REQ_SUM_DRIFT,DIVINE_REQ_SUCCESS,DIVINE_REQ_SUM,REQ_SUCCESS_RATE_DRIFT,REQ_SUCCESS_RATE_DRIFT_FLAG,COUNT,WARN_TIME,IS_REAL_ALARM
26,97,99.5,98.85,76328.0,0.2997817133657517,76714.0,0.18293952920201398,57767.0,58438.0,0.65,1.0,1,0,1
13,97,86.12,92.47,12533.0,0.19250618233804212,14553.0,0.12976929775796892,13466.0,14562.0,6.35,0.0,1,0,1
12,99,84.69,94.88,7413.0,0.20112685379005696,8753.0,0.125806286143872,7705.0,8968.0,10.19,0.0,1,5,1
20,99,88.82,92.04,7757.0,0.24180272330213656,8733.0,0.15540073550769598,6987.0,7591.0,3.22,0.0,1,0,1
10,99,93.51,97.25,63919.0,0.16393083219064714,68352.0,0.1060679962672093,77321.0,79507.0,3.74,0.0,1,3,1
12,99,98.48,98.75,18960.0,0.3815394937032748,19252.0,0.23565280382918757,11711.0,11859.0,0.27,0.0,1,0,1
20,99,80.03,87.7,3819.0,0.13595382674632894,4772.0,0.09496705809583311,5269.0,6008.0,7.67,0.0,5,1,1
12,99,73.71,95.22,6752.0,0.0953717125479577,9160.0,0.0866711225196858,11701.0,12289.0,21.51,0.0,5,2,1
21,98,90.48,98.83,189942.0,0.17746433351914717,209922.0,0.12254414243440279,216842.0,219400.0,8.35,0.0,5,1,1
7,100,90.94,98.02,95794.0,0.12919948930786254,105332.0,0.08824395289266267,136807.0,139577.0,7.08,0.0,5,1,1
13,97,79.94,93.89,6010.0,0.1316985676085556,7518.0,0.10155690752553767,8473.0,9024.0,13.95,0.0,5,1,1
10,99,87.73,98.18,62774.0,0.15316462236440684,71557.0,0.10972939355814935,79716.0,81197.0,10.45,0.0,1,2,1
4,95,99.91,100.0,6399.0,0.1497595859540447,6405.0,0.0923444809657426,8256.0,8224.0,0.09,0.0,2,2,0
7,100,99.77,100.0,154193.0,0.26708451601564315,154541.0,0.16497555663840005,128253.0,128051.0,0.23,0.0,2,1,1
1,96,86.78,94.08,10281.0,0.21584955601832329,11847.0,0.1385929735076567,10122.0,11268.0,7.3,0.0,1,4,1
20,99,89.68,88.11,18825.0,0.26106103332811015,20991.0,0.15696489023168722,15949.0,18101.0,1.57,1.0,1,0,0
20,99,91.74,91.77,8611.0,0.26161517734627265,9386.0,0.16087630668121564,7283.0,7936.0,0.03,0.0,1,1,0
20,99,79.71,84.04,3771.0,0.16832819321775996,4731.0,0.11094671426237732,4475.0,5325.0,4.33,0.0,5,3,1
12,99,74.05,94.88,6398.0,0.1284285549291119,8640.0,0.10376859314902928,9174.0,10211.0,20.83,0.0,5,4,1
21,98,90.45,97.43,190149.0,0.18793791990668865,210226.0,0.12726591344787633,208022.0,213508.0,6.98,0.0,5,3,1
7,100,90.94,94.88,92020.0,0.1654605822405274,101187.0,0.10751950373788527,110569.0,116541.0,3.94,0.0,5,3,1
13,97,80.75,90.44,6236.0,0.1703531580561433,7723.0,0.11857460980771489,7336.0,8274.0,9.69,0.0,5,3,1
10,99,89.18,97.38,37860.0,0.15216605457232635,42453.0,0.10542481003870578,48301.0,49600.0,8.2,0.0,1,3,1
4,95,99.73,99.9,11396.0,0.37177491297167087,11427.0,0.22933972102534517,7197.0,7204.0,0.17,0.0,1,3,0
20,99,87.48,90.04,7779.0,0.2682281803152251,8892.0,0.1708897341196108,6448.0,7161.0,2.56,0.0,1,2,1
21,98,95.44,99.57,128337.0,0.0913619280573479,134468.0,0.059757053790822634,228177.0,229169.0,4.13,0.0,1,1,1
12,99,99.16,99.21,11648.0,0.27180131314197825,11747.0,0.16721811258021832,9552.0,9628.0,0.05,0.0,1,0,0
18,89,88.86,97.7,2792.0,0.1911370789948604,3142.0,0.13289725886397002,3016.0,3087.0,8.84,0.0,5,0,1
9,92,93.78,100.0,6169.0,0.18575684380948007,6578.0,0.12738338835699242,6808.0,6676.0,6.22,0.0,5,0,0
16,92,87.89,99.99,10838.0,0.1931182914717946,12331.0,0.14028734937321624,11617.0,11618.0,12.1,0.0,5,0,1
15,91,89.81,98.39,10683.0,0.19630948401875575,11895.0,0.13577857449030525,11310.0,11495.0,8.58,0.0,5,0,1
12,99,90.66,95.49,18399.0,0.1941810469919424,20294.0,0.12761377432956245,19640.0,20568.0,4.83,0.0,5,0,1
20,99,76.84,75.48,5881.0,0.22578100378129007,7654.0,0.1355323881064891,5591.0,7407.0,1.36,1.0,2,3,1
12,99,90.82,94.88,13468.0,0.23941109956924791,14830.0,0.13694159705222514,12227.0,14237.0,4.06,0.0,2,2,1
12,99,99.7,97.85,11118.0,0.27673540175058703,11152.0,0.16627859939104894,8985.0,9182.0,1.85,1.0,1,1,0
7,100,98.92,93.6,161324.0,0.24529223340447984,163081.0,0.1404684661108656,143666.0,153497.0,5.32,1.0,1,2,0
20,99,79.63,81.05,3870.0,0.18011110586026136,4860.0,0.11313294763293462,4370.0,5392.0,1.42,0.0,4,1,1
12,99,73.82,94.88,6120.0,0.17302755127648095,8290.0,0.12511944482394702,7118.0,8529.0,21.06,0.0,4,8,1
21,98,90.45,96.09,188054.0,0.19554057001510058,207898.0,0.12794970375519737,199683.0,210283.0,5.64,0.0,4,7,1
13,97,80.7,90.44,6067.0,0.1943884008626152,7518.0,0.12164905047827392,6471.0,7901.0,9.74,0.0,4,7,1
14,89,93.76,98.99,3468.0,0.22369222792948237,3699.0,0.14727184305826,3321.0,3355.0,5.23,0.0,1,0,1
12,99,97.68,97.35,20725.0,0.24057820211500439,21217.0,0.14717331261757785,18743.0,19254.0,0.33,1.0,1,0,0
5,95,99.59,99.34,4388.0,0.26925215623464716,4406.0,0.16501841519379679,3626.0,3650.0,0.25,1.0,1,0,0
13,97,78.91,91.35,11368.0,0.226113616746973,14406.0,0.1670490954545285,10795.0,11817.0,12.44,0.0,1,1,1
13,97,96.78,100.0,7248.0,0.1869374299369518,7489.0,0.12407526951427768,7961.0,7754.0,3.22,0.0,1,18,0
21,98,99.39,100.0,259822.0,0.28487068175040053,261429.0,0.18007365957386753,205066.0,201743.0,0.61,0.0,1,0,0
26,97,96.95,95.99,28827.0,0.04351909125446839,29735.0,0.025015139520840498,74249.0,77838.0,0.96,1.0,1,2,1
12,99,98.33,98.86,21674.0,0.24745855399755232,22042.0,0.15309122377656556,19167.0,19389.0,0.53,0.0,1,4,0
12,99,98.32,98.76,21908.0,0.24575167566842607,22282.0,0.151869930420179,19481.0,19725.0,0.44,0.0,1,5,0
12,99,74.57,94.88,6393.0,0.20851859318164387,8573.0,0.12665108227633887,6464.0,8739.0,20.31,0.0,3,15,1
21,98,90.8,96.09,191319.0,0.20955993818027763,210699.0,0.12821865564559803,192705.0,212775.0,5.29,0.0,3,15,1
13,97,79.92,90.44,5701.0,0.20820392888911946,7133.0,0.13189614784587145,5771.0,7049.0,10.52,0.0,3,15,1
4,95,99.98,99.85,12484.0,0.2798606073459823,12487.0,0.17181911779151013,9997.0,10012.0,0.13,1.0,1,0,0
1,96,78.46,94.08,9210.0,0.2033195947290364,11739.0,0.13975534723818067,9494.0,11093.0,15.62,0.0,1,4,1
20,99,92.56,90.29,9137.0,0.29921150870791957,9871.0,0.178536847241871,6926.0,7671.0,2.27,1.0,1,0,1
20,99,77.24,82.28,4681.0,0.24306186354958417,6060.0,0.16169501105824427,4199.0,5103.0,5.04,0.0,4,0,1
12,99,74.99,94.88,6333.0,0.1704193084531363,8445.0,0.1233443776855079,7448.0,8783.0,19.89,0.0,4,7,1
21,98,90.56,96.09,188903.0,0.19462121707053762,208588.0,0.12819409159039727,201300.0,210674.0,5.53,0.0,4,6,1
13,97,79.98,90.44,6330.0,0.20045946000342316,7914.0,0.1304982199043665,6596.0,7885.0,10.46,0.0,4,6,1
12,99,99.66,100.0,9246.0,0.2579232802180745,9278.0,0.159445929117001,7910.0,7901.0,0.34,0.0,1,0,0
10,99,92.43,96.79,70340.0,0.26427352124241443,76098.0,0.1690496102220429,59009.0,61824.0,4.36,0.0,1,0,1
12,99,98.67,97.92,20937.0,0.24092705729251387,21219.0,0.14660037732188405,18913.0,19315.0,0.75,1.0,1,0,0
10,99,90.49,96.79,75500.0,0.20131880557064769,83434.0,0.12593500569354427,78417.0,85417.0,6.3,0.0,1,14,1
20,99,87.16,83.39,20036.0,0.2254174328603517,22988.0,0.1307496364895762,19072.0,22870.0,3.77,1.0,3,0,0
12,99,99.16,95.84,19928.0,0.2340038733947733,20097.0,0.137607263679202,18421.0,19221.0,3.32,1.0,3,0,0
13,97,98.61,96.29,22739.0,0.32406752225251484,23060.0,0.19376673565769736,16130.0,16752.0,2.32,1.0,3,1,0
20,99,86.94,83.65,22017.0,0.2076006953273602,25324.0,0.1211056103326349,22337.0,26704.0,3.29,1.0,2,0,0
12,99,99.12,95.49,30412.0,0.22280775203529035,30682.0,0.13036222502364164,29213.0,30594.0,3.63,1.0,2,0,0
1,96,87.32,94.08,10090.0,0.21208077249520882,11555.0,0.13495588349323168,10070.0,11219.0,6.76,0.0,1,5,1
10,99,94.81,99.97,46318.0,0.11554775209955674,48853.0,0.07658432660346803,71203.0,71221.0,5.16,0.0,1,2,1
25,98,91.39,98.79,22628.0,0.1907157561012101,24761.0,0.12972354269698486,24484.0,24783.0,7.4,0.0,5,0,1
10,99,93.76,98.92,87521.0,0.19263228321366724,93350.0,0.1268920352840876,93990.0,95020.0,5.16,0.0,5,0,1
21,98,94.85,99.06,226529.0,0.16849380292146596,238817.0,0.10962732197322538,268627.0,271175.0,4.21,0.0,5,0,1
7,100,94.4,97.57,217504.0,0.19880342390513317,230398.0,0.12743238178554542,228077.0,233762.0,3.17,0.0,5,0,1
13,97,92.91,98.11,13836.0,0.20723660270540498,14892.0,0.13656559017882783,14056.0,14327.0,5.2,0.0,5,0,0
12,99,98.75,98.7,20396.0,0.24661411627864221,20654.0,0.15144967160649167,18086.0,18324.0,0.05,1.0,1,1,0
20,99,92.57,90.05,9541.0,0.2913807111890211,10307.0,0.17323928726061028,7392.0,8209.0,2.52,1.0,1,1,0
10,99,83.78,96.79,56775.0,0.21294047788900636,67770.0,0.12299653323543153,56486.0,70633.0,13.01,0.0,1,5,1
26,97,97.34,98.42,23755.0,0.020312840800630342,24404.0,0.01230956432449829,78205.0,79458.0,1.08,0.0,1,3,1
10,99,91.42,96.79,77107.0,0.20877087418515414,84341.0,0.12845177200907232,77891.0,85054.0,5.37,0.0,1,15,1
9,92,94.8,97.47,2317.0,0.15437183741327698,2444.0,0.09833509972402474,2926.0,3002.0,2.67,0.0,1,5,1
12,99,74.44,94.88,6285.0,0.20261432832084325,8443.0,0.12471056440452619,6496.0,8708.0,20.44,0.0,3,12,1
21,98,90.85,96.09,189140.0,0.20578598873141526,208193.0,0.12654860570924722,193184.0,212355.0,5.24,0.0,3,12,1
13,97,79.77,90.44,5360.0,0.19127014149600557,6719.0,0.1203628587537027,5787.0,7118.0,10.67,0.0,3,12,1
19,89,88.19,96.5,1090.0,0.2655000473282599,1236.0,0.1823592858121581,911.0,944.0,8.31,0.0,1,0,1
10,99,93.61,96.79,87610.0,0.21544288771785347,93587.0,0.13310558157596047,86381.0,91838.0,3.18,0.0,1,1,1
4,95,78.5,99.4,10627.0,0.1990995489281765,13537.0,0.16531591104868146,11131.0,11198.0,20.9,0.0,1,0,1
7,100,98.04,97.49,406671.0,0.2566724009530988,414807.0,0.156657963796818,349270.0,358256.0,0.55,1.0,1,6,1
26,97,96.53,95.99,31009.0,0.037233593745704056,32125.0,0.02137910502354533,84872.0,89092.0,0.54,1.0,1,0,1
1,96,79.46,94.08,7619.0,0.2002659367095111,9588.0,0.128557200527405,7945.0,9663.0,14.62,0.0,1,16,1
14,89,98.67,98.53,1927.0,0.3117076912783535,1953.0,0.19144605647249627,1412.0,1433.0,0.14,1.0,2,0,0
1,96,86.34,94.08,7419.0,0.2215099194865464,8593.0,0.1299334255601149,7159.0,8590.0,7.74,0.0,2,19,1
20,99,81.53,85.39,10941.0,0.20392043812217228,13419.0,0.13296413562070086,11253.0,13179.0,3.86,0.0,4,0,0
12,99,95.02,98.37,21353.0,0.19879151824975652,22472.0,0.12770502050055918,22392.0,22763.0,3.35,0.0,4,0,1
21,98,95.55,98.62,214551.0,0.20570295678184872,224532.0,0.13160557402206918,219206.0,222264.0,3.07,0.0,4,0,1
13,97,90.43,94.44,11497.0,0.20461904329771632,12713.0,0.13293130408183987,11794.0,12488.0,4.01,0.0,4,0,0
10,99,85.3,96.79,63490.0,0.18652088127513614,74432.0,0.12891532946498874,69852.0,74855.0,11.49,0.0,1,1,1
20,99,91.28,94.66,5275.0,0.2560694450022068,5779.0,0.16469441123627923,4539.0,4795.0,3.38,0.0,1,5,0
12,99,99.05,97.87,31724.0,0.26029512738660815,32027.0,0.15761958247261396,26941.0,27526.0,1.18,1.0,2,0,0
25,98,99.32,96.24,34774.0,0.2276300412362785,35012.0,0.13424374717956483,32849.0,34133.0,3.08,1.0,2,4,0
20,99,92.78,91.61,9138.0,0.2672891564686632,9849.0,0.16173481797322878,7596.0,8292.0,1.17,1.0,1,1,1
26,97,98.87,98.79,63485.0,0.15441630755477662,64208.0,0.09447301529703421,80155.0,81136.0,0.08,1.0,1,4,1
20,99,86.02,89.3,5273.0,0.21368754069112003,6130.0,0.13772238585804286,5232.0,5859.0,3.28,0.0,1,0,0
20,99,70.97,0.0,5675.0,0.21153529598713877,7996.0,0.12987416668191704,0.0,0.0,70.97,1.0,1,0,1
4,95,99.71,99.81,10955.0,0.2907766657118075,10987.0,0.1790564609951863,8502.0,8518.0,0.1,0.0,1,0,0
10,99,91.33,97.11,77884.0,0.15938951040551558,85275.0,0.10634620815868537,96137.0,99003.0,5.78,0.0,1,1,1
12,99,99.27,99.27,11218.0,0.26343740014954387,11300.0,0.16193872300011689,9435.0,9504.0,0.0,0.0,1,0,0
20,99,74.24,77.0,4808.0,0.19019783084924213,6476.0,0.1225055834767604,5213.0,6770.0,2.76,0.0,6,11,1
12,99,73.41,94.88,9877.0,0.1811205729528755,13454.0,0.12501082583981882,11107.0,13851.0,21.47,0.0,6,22,1
25,98,86.21,91.84,23769.0,0.2079881469789341,27572.0,0.12790944296874635,24080.0,27895.0,5.63,0.0,6,11,1
10,99,84.68,96.79,34036.0,0.14143710066883194,40193.0,0.10123075415600857,45700.0,48356.0,12.11,0.0,6,6,1
21,98,91.43,96.09,137011.0,0.18348488794333537,149859.0,0.1146934239432472,152596.0,164584.0,4.66,0.0,6,21,1
7,100,90.1,93.62,117360.0,0.19115052060770313,130250.0,0.12180903705833866,126769.0,136750.0,3.52,0.0,6,9,1
15,91,91.34,96.91,10794.0,0.19591314906935667,11818.0,0.12998910515386816,11445.0,11810.0,5.57,0.0,1,0,1
15,91,98.18,98.6,17564.0,0.3079005888398589,17890.0,0.19040540684432,13002.0,13186.0,0.42,0.0,1,0,1
12,99,98.63,97.31,20797.0,0.2397266648701038,21086.0,0.14479167646507163,18861.0,19382.0,1.32,1.0,1,1,0
12,99,74.36,94.88,6434.0,0.19976819431606843,8653.0,0.1272295847758322,6722.0,8790.0,20.52,0.0,3,10,1
21,98,90.71,96.09,190614.0,0.20536059523889227,210140.0,0.12768707788861308,194998.0,212884.0,5.38,0.0,3,10,1
13,97,80.52,90.44,5557.0,0.19827094029094838,6901.0,0.12334900216387773,5839.0,7177.0,9.92,0.0,3,10,1
12,99,99.44,97.38,11969.0,0.2533047565807447,12036.0,0.15163264004097202,10389.0,10668.0,2.06,1.0,1,0,0
20,99,88.82,88.46,9069.0,0.15287620826821874,10210.0,0.09308046582997266,11532.0,13037.0,0.36,1.0,2,0,0
12,99,98.69,98.4,12251.0,0.15435850273166135,12414.0,0.09416442712146157,15472.0,15723.0,0.29,1.0,2,0,0
10,99,94.76,96.79,72913.0,0.2550488100588101,76946.0,0.14997802192452309,62941.0,68795.0,2.03,0.0,1,0,1
12,99,98.81,99.05,11826.0,0.273605727174741,11968.0,0.16870896310038277,9646.0,9739.0,0.24,0.0,1,0,0
20,99,63.18,92.43,25381.0,1.0,40173.0,0.9210746030655627,6557.0,7094.0,29.25,0.0,1,1,1
12,99,98.97,98.73,19898.0,0.2437170470858648,20105.0,0.14929683316996534,17811.0,18040.0,0.24,1.0,1,0,0
7,100,98.03,97.61,370520.0,0.2691091367482719,377948.0,0.16455050147109448,306309.0,313815.0,0.42,1.0,1,2,1
13,97,82.55,91.69,10423.0,0.17754782185857365,12627.0,0.125348724601683,11895.0,12973.0,9.14,0.0,1,0,1
13,97,79.81,90.44,6532.0,0.21086419660530914,8184.0,0.13572956700902694,6548.0,7911.0,10.63,0.0,1,8,1
10,99,90.09,96.79,62588.0,0.23097911173906938,69473.0,0.1309185577676029,58450.0,69048.0,6.7,0.0,1,7,1
26,97,98.25,98.53,64236.0,0.11377205984274237,65379.0,0.06978423374335802,99739.0,101228.0,0.28,0.0,1,0,1
12,99,99.67,99.27,13804.0,0.25343066539542786,13850.0,0.15497777929018872,11977.0,12065.0,0.4,1.0,1,0,0
20,99,84.14,89.54,4845.0,0.16879215420080498,5758.0,0.11266276723890102,5738.0,6408.0,5.4,0.0,6,1,1
12,99,80.49,95.24,7430.0,0.13548936755286106,9231.0,0.10538505652136251,10275.0,10788.0,14.75,0.0,6,2,1
26,97,90.23,96.73,76112.0,0.17426298711693766,84354.0,0.11741643240387319,88063.0,91038.0,6.5,0.0,6,2,1
21,98,92.33,98.67,182033.0,0.1827768987163082,197165.0,0.12254730971710419,203323.0,206063.0,6.34,0.0,6,1,1
7,100,92.77,98.5,103614.0,0.1614847137952278,111694.0,0.10752445146117541,126704.0,128638.0,5.73,0.0,6,1,1
13,97,79.03,91.38,6568.0,0.16086158496375144,8311.0,0.12019093620245737,8054.0,8814.0,12.35,0.0,6,3,1
12,99,98.99,98.96,21390.0,0.24796589122888132,21608.0,0.152315325168133,18885.0,19084.0,0.03,1.0,1,1,0
12,99,99.15,99.85,15446.0,0.23818077737540239,15579.0,0.14765900213847016,14080.0,14101.0,0.7,0.0,1,3,0
7,100,97.91,97.44,398979.0,0.25768320914907283,407494.0,0.15743527843535898,341584.0,350553.0,0.47,1.0,1,5,1
10,99,88.4,96.79,39075.0,0.16932485860954496,44204.0,0.11741516168084462,46171.0,47707.0,8.39,0.0,1,4,1
21,98,98.38,99.18,91556.0,0.035203969074376694,93061.0,0.021429952745001486,255763.0,257871.0,0.8,0.0,1,0,1
12,99,99.54,85.02,13618.0,0.24642595164979914,13681.0,0.12353452587146886,12083.0,14212.0,14.52,1.0,2,1,0
7,100,99.66,95.34,171718.0,0.2512942925494645,172299.0,0.14601681560204297,150003.0,157331.0,4.32,1.0,2,1,0
12,99,99.57,94.88,8523.0,0.18591127590418063,8560.0,0.1030688609055031,9400.0,10166.0,4.69,1.0,1,2,0
15,91,98.02,98.75,19046.0,0.2736288806939336,19430.0,0.16977236920149114,15534.0,15731.0,0.73,0.0,1,0,0
13,97,69.5,90.44,9916.0,0.19432277679444807,14267.0,0.12659677492051977,10579.0,14548.0,20.94,0.0,1,7,1
4,95,99.87,99.41,10317.0,0.1514360267573148,10330.0,0.09213248420249279,13207.0,13285.0,0.46,1.0,1,1,0
4,95,98.35,97.89,9696.0,0.14601159038716188,9859.0,0.08878834562880565,12734.0,13009.0,0.46,1.0,1,0,0
26,97,97.5,98.55,28240.0,0.02486077922665567,28964.0,0.015130144625310543,88164.0,89463.0,1.05,0.0,1,2,1
10,99,98.73,96.79,35097.0,0.17927624081244412,35547.0,0.09647146194522825,39768.0,44260.0,1.94,1.0,1,0,0
4,95,99.95,99.61,10192.0,0.2760212062333788,10197.0,0.16900698154629135,8254.0,8286.0,0.34,1.0,1,0,0
1,96,80.76,94.08,7464.0,0.20538405707453386,9242.0,0.12654432525964607,7635.0,9427.0,13.32,0.0,1,17,1
20,99,90.3,93.81,8143.0,0.2137795364019668,9018.0,0.13791465345356566,8077.0,8610.0,3.51,0.0,1,0,0
13,97,90.88,94.04,12171.0,0.19951623455940787,13392.0,0.12808148530242208,12728.0,13535.0,3.16,0.0,1,0,0
10,99,95.44,97.88,46038.0,0.16449017116479003,48240.0,0.10441216481789446,55554.0,56757.0,2.44,0.0,1,0,1
6,95,99.2,99.5,5115.0,0.2761348102668128,5156.0,0.17039791773266325,4141.0,4162.0,0.3,0.0,1,0,0
26,97,98.74,98.88,50137.0,0.09576635340065179,50775.0,0.05848941737328694,86670.0,87650.0,0.14,0.0,1,0,1
20,99,90.72,94.89,14846.0,0.20519185682042076,16365.0,0.1335715688960375,15197.0,16016.0,4.17,0.0,2,1,0
21,98,97.53,100.0,128935.0,0.16331964945088728,132198.0,0.11143265546652742,156390.0,148318.0,2.47,0.0,2,2,1
12,99,99.36,99.62,10953.0,0.24749326506475397,11023.0,0.15258050006028706,9685.0,9722.0,0.26,0.0,1,0,0
12,99,87.73,97.45,23401.0,0.24413638346570027,26673.0,0.1710328793500264,20918.0,21466.0,9.72,0.0,1,0,1
20,99,74.99,78.76,3107.0,0.16695784982224418,4143.0,0.10947966627951787,3709.0,4709.0,3.77,0.0,6,2,1
12,99,73.74,94.88,5906.0,0.19986901445955854,8009.0,0.12467826815877814,6168.0,8262.0,21.14,0.0,6,13,1
25,98,85.79,93.99,24316.0,0.18926209793519885,28345.0,0.13101921390950408,26462.0,28155.0,8.2,0.0,6,2,1
21,98,91.6,96.09,131159.0,0.13094524271614424,143185.0,0.07900099301185663,185628.0,204498.0,4.49,0.0,6,12,1
7,100,90.42,93.62,85877.0,0.21053791064009564,94976.0,0.1261591530196393,86190.0,97102.0,3.2,0.0,6,0,1
13,97,80.14,90.44,6745.0,0.2213622077258737,8416.0,0.13411043187120736,6512.0,8211.0,10.3,0.0,6,12,1
20,99,74.32,78.07,5284.0,0.1686778401488566,7110.0,0.11062143517529562,6261.0,8020.0,3.75,0.0,7,13,1
12,99,74.09,94.88,10899.0,0.17597591334707696,14710.0,0.11783928362298718,12520.0,15833.0,20.79,0.0,7,24,1
25,98,85.53,91.84,23512.0,0.21026792504808345,27490.0,0.12925916878655272,23621.0,27590.0,6.31,0.0,7,13,1
10,99,81.4,96.79,33794.0,0.15633826843189375,41517.0,0.11342455414709621,42294.0,45974.0,15.39,0.0,7,8,1
21,98,91.29,96.09,140157.0,0.19751618299962767,153526.0,0.1227738524508647,147696.0,160231.0,4.8,0.0,7,23,1
7,100,89.81,93.62,122512.0,0.18152478202737427,136414.0,0.1158810880234284,137541.0,148675.0,3.81,0.0,7,11,1
13,97,78.98,90.44,9206.0,0.20211436795996407,11656.0,0.130473115859368,9533.0,11615.0,11.46,0.0,7,1,1
12,99,98.94,98.83,20086.0,0.2390993409365855,20301.0,0.1466848749523806,18254.0,18471.0,0.11,1.0,1,1,0
5,95,99.91,99.64,4537.0,0.283597766396732,4541.0,0.17381072801452563,3594.0,3607.0,0.27,1.0,1,0,0
12,99,98.95,98.86,12511.0,0.25892291578440085,12644.0,0.15897393771150795,10670.0,10793.0,0.09,1.0,1,2,0
20,99,76.71,77.13,6903.0,0.19493757511920423,8999.0,0.12050402646262623,7347.0,9525.0,0.42,0.0,5,19,1
12,99,73.74,94.88,12982.0,0.21979454956174774,17604.0,0.13310565932917026,12603.0,17275.0,21.14,0.0,5,30,1
21,98,90.21,96.09,203204.0,0.224424671620116,225269.0,0.14283320274982872,194095.0,209285.0,5.88,0.0,5,29,1
7,100,88.29,93.62,126844.0,0.18849395227967752,143668.0,0.11792189397519308,138460.0,154555.0,5.33,0.0,5,17,1
13,97,79.57,90.44,10583.0,0.19728866839877243,13300.0,0.12377382977103528,11162.0,13796.0,10.87,0.0,5,7,1
20,99,67.09,76.9,19209.0,0.7177792778740417,28632.0,0.5132091314627892,6756.0,8785.0,9.81,0.0,1,1,1
10,99,94.79,99.9,62449.0,0.13805910560416887,65880.0,0.09117960049508311,85258.0,85342.0,5.11,0.0,1,0,1
13,97,96.58,95.77,9884.0,0.25742337033189844,10234.0,0.15656442857227565,8469.0,8843.0,0.81,1.0,1,0,0
12,99,74.45,94.88,6485.0,0.1693149302425763,8711.0,0.12012530548401136,7663.0,9242.0,20.43,0.0,3,6,1
21,98,90.84,96.09,190330.0,0.1980863141645563,209528.0,0.12932527708047062,200130.0,210208.0,5.25,0.0,3,6,1
13,97,80.13,90.44,5694.0,0.19304551870750908,7106.0,0.12645814679289302,6105.0,7252.0,10.31,0.0,3,6,1
20,99,80.38,90.78,6826.0,0.19391327880433953,8492.0,0.13952479632170522,7294.0,8035.0,10.4,0.0,7,0,1
12,99,83.9,96.75,7411.0,0.15211596377134276,8833.0,0.11352259634295889,9457.0,9775.0,12.85,0.0,7,0,1
26,97,92.53,98.48,88218.0,0.16940369675615194,95336.0,0.1130736264710629,104203.0,105813.0,5.95,0.0,7,0,1
10,99,95.29,99.18,70397.0,0.17976651941776745,73873.0,0.11635971550010954,79605.0,80266.0,3.89,0.0,7,0,1
21,98,93.55,98.39,237797.0,0.1839890862842119,254194.0,0.12075937285631994,264306.0,268624.0,4.84,0.0,7,0,1
7,100,89.41,98.27,106676.0,0.15546330854079213,119309.0,0.10861886457314224,134042.0,136395.0,8.86,0.0,7,0,1
13,97,88.28,97.95,8368.0,0.17277513950234738,9479.0,0.12189092889412396,9743.0,9947.0,9.67,0.0,7,0,1
20,99,90.59,94.18,14292.0,0.20385794508679492,15777.0,0.1316784415275316,14703.0,15611.0,3.59,0.0,2,2,0
21,98,97.99,100.0,131419.0,0.16912538548297473,134121.0,0.11393319048221695,155418.0,148028.0,2.01,0.0,2,3,1
15,91,99.31,99.13,14615.0,0.28675033989361065,14716.0,0.17593672264065557,11473.0,11574.0,0.18,1.0,1,0,0
21,98,96.86,97.26,92667.0,0.13483267403252094,95672.0,0.08299069437388949,128575.0,132200.0,0.4,0.0,1,9,1
20,99,92.39,90.56,8897.0,0.3324103914024613,9630.0,0.19971521001797768,6178.0,6822.0,1.83,1.0,1,0,0
10,99,97.16,99.72,50871.0,0.14628476877467603,52356.0,0.09297046185322108,66723.0,66908.0,2.56,0.0,1,3,1
21,98,98.57,96.09,194517.0,0.17505750871062437,197346.0,0.0960186945559349,224309.0,246537.0,2.48,1.0,1,1,1
21,98,97.63,100.0,131143.0,0.1670353939400593,134321.0,0.11252114259412774,156500.0,149623.0,2.37,0.0,1,5,1
1,96,79.72,94.08,8848.0,0.2076489202149582,11099.0,0.1331623776470297,8975.0,10888.0,14.36,0.0,1,7,1
7,100,97.8,97.5,391284.0,0.2600806160228601,400083.0,0.15925163137268267,332511.0,341037.0,0.3,1.0,1,4,1
20,99,74.72,76.96,6739.0,0.19395023190633123,9019.0,0.12376242461007701,7200.0,9356.0,2.24,0.0,7,17,1
12,99,73.39,94.88,12034.0,0.19087289486547623,16398.0,0.12204712985630385,13013.0,17191.0,21.49,0.0,7,28,1
25,98,88.49,91.84,24156.0,0.21124000060254788,27297.0,0.13224402284136688,24182.0,26921.0,3.35,0.0,7,0,1
10,99,84.17,96.79,41594.0,0.17421382959535758,49416.0,0.1172121096282508,48135.0,53401.0,12.62,0.0,7,12,1
21,98,90.81,96.09,153752.0,0.19600848534975063,169314.0,0.12127392003035613,162965.0,178354.0,5.28,0.0,7,27,1
7,100,88.58,93.62,131232.0,0.2031870663182532,148143.0,0.12748358931411996,135346.0,150260.0,5.04,0.0,7,15,1
13,97,78.93,90.44,10785.0,0.21379471200130612,13664.0,0.13376108413415255,10697.0,13358.0,11.51,0.0,7,5,1
12,99,73.84,94.88,6730.0,0.18884768182272504,9114.0,0.1310174731090709,7336.0,9053.0,21.04,0.0,3,7,1
21,98,90.47,96.09,193051.0,0.2039273724861893,213375.0,0.13114319994747234,198551.0,211791.0,5.62,0.0,3,7,1
13,97,80.08,90.44,5893.0,0.20858457666715935,7359.0,0.13376586208111013,5957.0,7194.0,10.36,0.0,3,7,1
20,99,84.73,90.3,9008.0,0.355362836136642,10631.0,0.23571877073558556,5912.0,6547.0,5.57,0.0,1,0,1
10,99,96.0,99.88,39381.0,0.07915541939082514,41024.0,0.051644616468458936,76025.0,76118.0,3.88,0.0,1,1,1
21,98,98.93,98.81,190218.0,0.13667633073254828,192274.0,0.08347747991233422,261491.0,264636.0,0.12,1.0,1,0,1
15,91,79.31,98.52,22533.0,0.3911993081984315,28411.0,0.30884160549495726,13622.0,13827.0,19.21,0.0,1,1,1
12,99,74.52,94.88,6112.0,0.19823693881381116,8202.0,0.12041939889786935,6423.0,8686.0,20.36,0.0,3,13,1
21,98,90.73,96.09,190471.0,0.20866726580456066,209926.0,0.12806138377480422,192481.0,212193.0,5.36,0.0,3,13,1
13,97,79.82,90.44,5570.0,0.20583761740965043,6978.0,0.1283082054785636,5688.0,7043.0,10.62,0.0,3,13,1
12,99,98.53,99.02,21940.0,0.24882888127126448,22268.0,0.15387034175203373,19317.0,19509.0,0.49,0.0,1,2,0
13,97,77.14,90.44,9537.0,0.16641052244322788,12364.0,0.11962308788302534,11412.0,13159.0,13.3,0.0,1,1,1
20,99,74.85,78.01,2920.0,0.16021576940384036,3901.0,0.10399671732341789,3591.0,4603.0,3.16,0.0,6,3,1
12,99,74.58,94.88,5813.0,0.1995174946774825,7794.0,0.11855688718319128,6079.0,8351.0,20.3,0.0,6,14,1
25,98,85.36,91.84,23407.0,0.18830250861878858,27422.0,0.12579783840626765,25570.0,28097.0,6.48,0.0,6,3,1
21,98,91.48,96.09,132415.0,0.13667822711806524,144752.0,0.08367529906735238,182028.0,198910.0,4.61,0.0,6,13,1
7,100,90.54,93.62,84896.0,0.20270862915024634,93769.0,0.12181962779412919,87715.0,98442.0,3.08,0.0,6,1,1
13,97,80.71,90.44,6453.0,0.1937429195403768,7995.0,0.11773601799587996,6900.0,8611.0,9.73,0.0,6,13,1
14,89,98.87,98.59,2285.0,0.28151684659547715,2311.0,0.17250034675973475,1821.0,1847.0,0.28,1.0,1,0,0
12,99,92.86,97.01,9560.0,0.17988920252594817,10295.0,0.11703178151115118,10805.0,11138.0,4.15,0.0,1,0,1
12,99,85.93,98.8,9524.0,0.2719816539721152,11083.0,0.19820920522347757,7806.0,7901.0,12.87,0.0,1,0,1
20,99,75.47,85.27,6251.0,0.20598208009407157,8283.0,0.1480393649392975,6380.0,7482.0,9.8,0.0,3,1,1
25,98,86.93,97.19,25069.0,0.20135496404074732,28837.0,0.14286637950350706,26034.0,26786.0,10.26,0.0,3,1,1
10,99,95.88,98.92,69773.0,0.1996967852860903,72773.0,0.12771722446952952,72916.0,73710.0,3.04,0.0,3,0,1
20,99,86.34,89.4,17649.0,0.21476292276119682,20442.0,0.13796152138790665,17444.0,19512.0,3.06,0.0,1,0,0
20,99,72.2,89.55,7064.0,0.18561984697028744,9784.0,0.15079656454759116,7800.0,8710.0,17.35,0.0,2,0,1
12,99,86.95,97.41,15004.0,0.19060108172832332,17255.0,0.1357970689236904,16242.0,16673.0,10.46,0.0,2,0,1
12,99,98.6,99.97,8568.0,0.2488151156678443,8690.0,0.1555979328779786,7544.0,7546.0,1.37,0.0,1,0,0
13,97,90.53,93.69,12628.0,0.2154172383429632,13949.0,0.138287842292323,12452.0,13290.0,3.16,0.0,1,0,0
23,90,86.52,94.78,4533.0,0.21373394112336083,5239.0,0.14647927740012415,4497.0,4772.0,8.26,0.0,1,1,1
15,91,91.48,96.62,20273.0,0.32576391701490953,22161.0,0.21394024969280687,14318.0,14819.0,5.14,0.0,1,2,1
4,95,99.54,96.8,7635.0,0.4049532904622481,7670.0,0.22043012884590882,4480.0,5001.0,2.74,1.0,1,2,1
12,99,99.85,98.99,12806.0,0.2727487301038866,12825.0,0.1658980448372049,10472.0,10579.0,0.86,1.0,1,1,0
18,89,84.43,97.51,2716.0,0.1813789910738672,3217.0,0.13464618870372053,3051.0,3129.0,13.08,0.0,24,0,1
5,95,92.87,98.38,12379.0,0.19711446696019758,13330.0,0.13051301426977693,13065.0,13280.0,5.51,0.0,24,0,1
20,99,80.87,88.13,17432.0,0.20180895967280185,21555.0,0.1385454720655327,18072.0,20507.0,7.26,0.0,24,0,1
9,92,91.26,98.32,6445.0,0.2141595899583382,7062.0,0.14474352385508674,6384.0,6493.0,7.06,0.0,24,0,1
16,92,86.67,99.21,10682.0,0.17696837828119538,12325.0,0.12998437398541618,12220.0,12317.0,12.54,0.0,24,0,1
8,96,85.52,98.71,6060.0,0.1861560149988589,7086.0,0.13795167851433293,6677.0,6764.0,13.19,0.0,24,0,1
22,89,90.29,98.12,2473.0,0.23193699411900764,2739.0,0.15829847287188253,2302.0,2346.0,7.83,0.0,24,0,1
23,90,90.47,98.69,3616.0,0.2294136701197063,3997.0,0.15734817863616832,3395.0,3440.0,8.22,0.0,24,0,1
15,91,88.71,96.68,9622.0,0.1944317288471078,10847.0,0.13361529860841434,10261.0,10613.0,7.97,0.0,24,0,1
24,95,90.73,98.02,5019.0,0.21809052820573505,5532.0,0.14789035847360943,4902.0,5001.0,7.29,0.0,24,0,1
12,99,88.43,96.56,18868.0,0.18835812967356433,21337.0,0.12984236350153813,20607.0,21341.0,8.13,0.0,24,0,1
6,95,91.16,98.49,6156.0,0.2159782552672892,6753.0,0.1464805896161911,6058.0,6151.0,7.33,0.0,24,0,1
11,96,88.79,94.78,26111.0,0.19364830494002683,29409.0,0.12954018903424025,27930.0,29467.0,5.99,0.0,24,0,1
25,98,91.38,97.8,21943.0,0.21808367376137125,24014.0,0.14614274280631226,21432.0,21913.0,6.42,0.0,24,0,1
4,95,90.53,97.82,3680.0,0.221592807202273,4065.0,0.1502598301904038,3550.0,3629.0,7.29,0.0,24,0,1
26,97,89.64,97.64,107869.0,0.1994407618928692,120341.0,0.1368865124866963,112838.0,115565.0,8.0,0.0,24,0,1
10,99,92.68,97.94,95869.0,0.20483037511220764,103437.0,0.1351182588126197,98268.0,100336.0,5.26,0.0,24,0,1
21,98,88.61,98.22,240949.0,0.1972050949323776,271926.0,0.13846761136988484,254213.0,258818.0,9.61,0.0,24,0,1
7,100,93.52,97.95,217196.0,0.2051992266049671,232256.0,0.1338182177115712,222325.0,226980.0,4.43,0.0,24,0,1
17,96,88.21,97.72,4490.0,0.18307811654571637,5090.0,0.12868251527752753,5009.0,5126.0,9.51,0.0,24,0,1
13,97,85.2,96.87,13288.0,0.18849179980466518,15597.0,0.13693369277942236,14505.0,14974.0,11.67,0.0,24,0,1
14,89,92.01,97.48,2212.0,0.20773945556229528,2404.0,0.13746948423810854,2243.0,2301.0,5.47,0.0,24,0,1
1,96,89.36,96.99,8743.0,0.19141855140767766,9784.0,0.1308684754513636,9434.0,9727.0,7.63,0.0,24,0,1
19,89,89.07,96.34,953.0,0.2210778774116345,1070.0,0.1501077261015873,921.0,956.0,7.27,0.0,24,0,1
19,89,96.73,99.44,857.0,0.6055607162669695,886.0,0.3848703619481178,352.0,354.0,2.71,0.0,1,0,0
4,95,99.85,100.0,5882.0,0.09785600248569716,5891.0,0.06033375712237532,10036.0,9982.0,0.15,0.0,2,1,0
7,100,99.84,99.91,138776.0,0.2704995838406866,139004.0,0.1664461118129497,114248.0,114356.0,0.07,0.0,2,0,0
20,99,89.8,78.53,6542.0,0.12139633936391697,7285.0,0.05987398641270193,9738.0,12401.0,11.27,1.0,1,2,0
12,99,97.93,99.58,9358.0,0.25005353437155325,9556.0,0.1569254632255642,8207.0,8242.0,1.65,0.0,1,0,0
26,97,97.87,95.99,52548.0,0.15038471174692383,53690.0,0.08899783492569845,67599.0,70729.0,1.88,1.0,1,3,1
12,99,92.97,98.01,23147.0,0.18135101101074572,24896.0,0.11940558966447296,26005.0,26533.0,5.04,0.0,2,0,1
13,97,89.54,93.81,12830.0,0.20220874021966861,14328.0,0.13192367746896627,13281.0,14157.0,4.27,0.0,2,0,0
1,96,80.97,94.08,7960.0,0.20304242465709324,9831.0,0.12813177789881008,8214.0,9933.0,13.11,0.0,1,15,1
26,97,97.06,98.23,25658.0,0.05207664699321797,26436.0,0.032219456631256534,61177.0,62280.0,1.17,0.0,1,5,1
12,99,74.79,94.88,6268.0,0.18842060941875297,8381.0,0.13032074094083726,6844.0,8359.0,20.09,0.0,4,9,1
21,98,90.43,96.09,187584.0,0.1968193688713285,207429.0,0.12783354470513322,198204.0,209954.0,5.66,0.0,4,8,1
7,100,90.3,93.62,90014.0,0.21715216424080075,99684.0,0.13461772251111087,88210.0,96973.0,3.32,0.0,4,0,1
13,97,81.02,90.44,6410.0,0.21395585872011458,7912.0,0.13191429515725947,6354.0,7818.0,9.42,0.0,4,8,1
10,99,86.72,96.79,55586.0,0.14672295893099446,64099.0,0.10409348548922934,72755.0,75583.0,10.07,0.0,1,5,1
1,96,99.4,99.19,7988.0,0.268590868604491,8036.0,0.16468511354804113,6614.0,6668.0,0.21,1.0,1,0,1
12,99,98.84,99.67,12504.0,0.258954024603485,12651.0,0.1608501413110121,10663.0,10698.0,0.83,0.0,1,2,0
12,99,99.53,99.62,12976.0,0.24143623729818317,13037.0,0.14850739355091905,11702.0,11747.0,0.09,0.0,1,0,0
20,99,91.45,95.47,5271.0,0.21858987074174632,5764.0,0.14188369432140438,5139.0,5383.0,4.02,0.0,1,0,0
7,100,99.06,100.0,202824.0,0.12637192154019913,204740.0,0.07836666380106679,293983.0,293981.0,0.94,0.0,1,2,1
12,99,98.14,98.77,17933.0,0.24690563806533566,18273.0,0.15295500520604605,15887.0,16085.0,0.63,0.0,1,0,0
12,99,97.66,97.7,21215.0,0.2517565611825621,21724.0,0.1548152082625917,18505.0,18940.0,0.04,0.0,1,2,0
10,99,92.88,96.79,54371.0,0.12769869676381268,58542.0,0.0803375723677217,78260.0,82680.0,3.91,0.0,1,2,1
18,89,88.68,96.96,2546.0,0.17554054857117918,2871.0,0.12139588546900211,2930.0,3022.0,8.28,0.0,15,0,1
5,95,90.47,96.88,9540.0,0.20829210082673139,10545.0,0.13975005160389112,9654.0,9965.0,6.41,0.0,15,0,1
20,99,81.68,88.34,15047.0,0.2078793335875182,18421.0,0.14125614146302248,15250.0,17263.0,6.66,0.0,15,0,1
9,92,92.21,97.51,6247.0,0.20080457069840843,6775.0,0.1326228115435297,6501.0,6667.0,5.3,0.0,15,0,0
16,92,90.6,98.24,10769.0,0.19763706623888835,11886.0,0.13487074494172382,11343.0,11546.0,7.64,0.0,15,0,1
8,96,87.81,96.55,5454.0,0.18978793134932143,6211.0,0.13020262853650708,5923.0,6199.0,8.74,0.0,15,0,1
12,99,90.99,97.13,16595.0,0.1991001607410124,18238.0,0.13312644532733423,17382.0,17895.0,6.14,0.0,15,0,1
25,98,92.45,96.91,23194.0,0.22834890552895087,25087.0,0.1489471325265931,21856.0,22552.0,4.46,0.0,15,0,1
10,99,92.71,97.64,103855.0,0.2072810714983858,112018.0,0.13612002783999286,105489.0,108041.0,4.93,0.0,15,0,1
21,98,90.2,96.93,222472.0,0.20101631826043426,246636.0,0.13555287282453943,231332.0,238649.0,6.73,0.0,15,0,1
7,100,94.64,98.09,219379.0,0.20876544847041006,231812.0,0.1342862717222805,221614.0,225937.0,3.45,0.0,15,0,1
17,96,91.72,98.03,3666.0,0.16427212179295633,3997.0,0.11034073341306279,4428.0,4517.0,6.31,0.0,15,0,1
13,97,75.11,97.11,12753.0,0.17743306823342692,16980.0,0.15233569853165516,14561.0,14995.0,22.0,0.0,15,0,1
1,96,91.4,97.0,8000.0,0.19848799020708233,8753.0,0.13171614894635492,8399.0,8659.0,5.6,0.0,15,0,1
19,89,76.18,94.62,854.0,0.18019585991233047,1121.0,0.13582777788849637,964.0,1083.0,18.44,0.0,15,2,1
12,99,99.09,99.03,10462.0,0.1627988205769412,10558.0,0.09967456190774004,12719.0,12844.0,0.06,1.0,2,0,0
7,100,99.43,99.25,147259.0,0.17434298732425035,148103.0,0.10663438148448454,170324.0,171607.0,0.18,1.0,2,0,0
12,99,98.61,94.88,18346.0,0.208266212118585,18605.0,0.11932007864787395,18567.0,19839.0,3.73,1.0,1,1,0
20,99,86.87,90.15,7145.0,0.22120485893323125,8225.0,0.14248476439988605,6902.0,7656.0,3.28,0.0,1,0,1
26,97,98.54,98.51,71306.0,0.2757056983887635,72363.0,0.16944678890216697,57801.0,58678.0,0.03,1.0,1,3,1
2,87,99.68,99.57,937.0,0.308773183714548,940.0,0.1896886850222111,692.0,695.0,0.11,1.0,1,0,0
21,98,97.65,96.24,141244.0,0.1727661201359501,144646.0,0.10382219211310921,164459.0,170883.0,1.41,1.0,1,0,1
12,99,99.21,99.76,13208.0,0.24169781847860045,13313.0,0.14954428927571034,11901.0,11930.0,0.55,0.0,1,2,0
20,99,74.15,75.84,6268.0,0.20246794821840555,8453.0,0.12800804705812938,6482.0,8547.0,1.69,0.0,6,15,1
12,99,74.21,94.88,12030.0,0.20491809113509965,16211.0,0.13073681094966444,12327.0,16129.0,20.67,0.0,6,26,1
10,99,95.42,96.79,58782.0,0.3427485193883425,61604.0,0.19430761699413776,39778.0,44649.0,1.37,0.0,6,10,1
21,98,90.61,96.09,184249.0,0.28795496644546126,203332.0,0.17940717770387535,144142.0,157387.0,5.48,0.0,6,25,1
7,100,88.98,93.62,122056.0,0.18367890226014724,137175.0,0.11602221246787604,135833.0,149369.0,4.64,0.0,6,13,1
13,97,79.02,90.44,9809.0,0.20209919142407703,12413.0,0.12690607896723424,10158.0,12634.0,11.42,0.0,6,3,1
12,99,99.03,97.87,19676.0,0.26692101640061294,19868.0,0.1617001864723344,16374.0,16730.0,1.16,1.0,1,0,0
13,97,82.14,90.44,14234.0,0.2199881277769047,17329.0,0.15009218277275035,13809.0,15484.0,8.3,0.0,2,1,1
19,89,82.18,94.62,1047.0,0.25746295847815465,1274.0,0.16587623711835905,897.0,1051.0,12.44,0.0,2,3,1
1,96,77.78,94.08,8936.0,0.21382867323984958,11489.0,0.14201210402222808,8862.0,10722.0,16.3,0.0,1,10,1
12,99,99.67,99.26,11376.0,0.2728075677660957,11414.0,0.1668882186779243,9301.0,9370.0,0.41,1.0,1,1,0
12,99,99.67,99.78,12214.0,0.252372084614962,12254.0,0.1553194853038725,10633.0,10656.0,0.11,0.0,1,1,0
12,99,99.77,99.44,12846.0,0.2612829440779037,12875.0,0.15994052927382948,10876.0,10937.0,0.33,1.0,1,1,0
13,97,68.66,90.44,10267.0,0.2068031684976423,14954.0,0.1373864432806724,10447.0,14320.0,21.78,0.0,1,6,1
10,99,91.56,96.79,64741.0,0.2009705216323105,70711.0,0.12700094856608307,67331.0,71929.0,5.23,0.0,1,8,1
20,99,86.6,78.63,25168.0,0.21701132660297956,29063.0,0.11732565626616483,24676.0,31384.0,7.97,1.0,4,1,0
12,99,98.33,94.88,31857.0,0.2366392502490824,32397.0,0.13392279916888508,29189.0,31642.0,3.45,1.0,4,0,0
25,98,99.41,96.32,27001.0,0.2074469984198638,27162.0,0.12216397340236579,27409.0,28455.0,3.09,1.0,4,0,0
13,97,95.24,93.58,14189.0,0.13419293565103804,14898.0,0.07996605886426268,19751.0,21106.0,1.66,1.0,4,0,0
13,97,96.3,91.03,13738.0,0.14500184447248526,14266.0,0.08173188007131946,18130.0,19917.0,5.27,1.0,1,1,0
13,97,73.64,90.44,9957.0,0.19229689435902905,13522.0,0.1364162800100254,10707.0,13020.0,16.8,0.0,1,2,1
20,99,76.91,80.36,3613.0,0.18951036273375824,4698.0,0.12327866654312168,3928.0,4888.0,3.45,0.0,5,0,1
12,99,75.08,94.88,6065.0,0.195582797819698,8078.0,0.12769694786993122,6439.0,8183.0,19.8,0.0,5,11,1
25,98,92.82,99.53,25626.0,0.1872833072113415,27608.0,0.1260709683897614,28108.0,28241.0,6.71,0.0,5,0,1
21,98,90.79,96.09,154879.0,0.15430556037635784,170590.0,0.09833452354871389,195647.0,209539.0,5.3,0.0,5,10,1
13,97,79.21,90.44,6247.0,0.210702499784194,7887.0,0.13045702976310575,6266.0,7860.0,11.23,0.0,5,10,1
12,99,97.33,97.63,23357.0,0.25467940447037035,23997.0,0.1571184812590146,20186.0,20677.0,0.3,0.0,1,0,0
12,99,98.7,99.41,6673.0,0.16826298411987514,6761.0,0.10417119872288778,7921.0,7968.0,0.71,0.0,1,0,0
10,99,98.13,96.79,51412.0,0.14804959713300936,52390.0,0.088221395943996,66869.0,69435.0,1.34,1.0,1,4,1
13,97,97.5,92.17,14183.0,0.21915775703752347,14547.0,0.1250576347737537,13800.0,14972.0,5.33,1.0,1,0,0
20,99,83.69,90.19,14728.0,0.20733029100239603,17599.0,0.14026991932602578,14957.0,16583.0,6.5,0.0,5,0,1
15,91,91.08,98.08,10503.0,0.20073328452646144,11532.0,0.13573457746224388,10933.0,11147.0,7.0,0.0,5,0,1
12,99,90.96,98.37,14632.0,0.193195105258172,16087.0,0.13146043911104183,15679.0,15938.0,7.41,0.0,5,0,1
4,95,93.01,99.57,4154.0,0.22491751067546414,4466.0,0.15068935638785277,3961.0,3978.0,6.56,0.0,5,0,1
7,100,95.26,98.84,205096.0,0.2054835894704187,215293.0,0.13237008879466441,209717.0,212172.0,3.58,0.0,5,0,1
1,96,82.63,94.08,9988.0,0.2143970748867952,12088.0,0.14968873524008813,9885.0,10824.0,11.45,0.0,1,1,1
5,95,99.48,99.26,3273.0,0.2541914433674556,3290.0,0.15579553067118312,2833.0,2854.0,0.22,1.0,1,0,0
21,98,96.85,97.19,99420.0,0.15741498777949184,102654.0,0.09691294263080918,123819.0,127403.0,0.34,0.0,1,10,1
20,99,84.26,87.68,13841.0,0.21070440988834965,16426.0,0.1362180676722421,13883.0,15834.0,3.42,0.0,3,0,1
12,99,94.59,97.78,21597.0,0.2069584642101743,22832.0,0.13266914621071213,21963.0,22462.0,3.19,0.0,3,0,1
21,98,95.32,99.0,231736.0,0.20649876499708628,243115.0,0.13319952428372303,236065.0,238442.0,3.68,0.0,3,0,1
20,99,88.61,88.31,19387.0,0.26021733531710073,21879.0,0.15927299538376932,16468.0,18648.0,0.3,1.0,1,0,1
12,99,98.15,94.88,11254.0,0.26372324318882373,11466.0,0.14954194303731233,9457.0,10275.0,3.27,1.0,3,3,0
26,97,99.04,95.99,97301.0,0.25388848850296447,98245.0,0.14606910440655227,84301.0,89685.0,3.05,1.0,3,3,0
13,97,74.05,90.44,6307.0,0.1631124124536783,8517.0,0.12726524607238063,7657.0,8650.0,16.39,0.0,3,4,1
26,97,96.81,98.83,22241.0,0.0,22974.0,0.0,96787.0,97935.0,2.02,0.0,1,1,1
20,99,87.17,90.51,6169.0,0.2123390114142509,7077.0,0.13688998412577205,6151.0,6796.0,3.34,0.0,1,0,0
9,92,91.51,99.67,2424.0,0.10838332774726205,2649.0,0.07559465769030113,3882.0,3895.0,8.16,0.0,1,0,1
14,89,99.75,99.49,3954.0,0.26706601516109696,3964.0,0.1636455130045048,3289.0,3306.0,0.26,1.0,1,0,0
12,99,98.71,99.21,18075.0,0.32608835620142346,18311.0,0.2018711369828959,12755.0,12856.0,0.5,0.0,1,0,1
13,97,97.34,96.15,7579.0,0.16641183605438084,7786.0,0.10026328294941743,9069.0,9432.0,1.19,1.0,1,0,0
23,90,84.83,94.78,4434.0,0.22635463630535232,5227.0,0.13846890752254318,4207.0,4975.0,9.95,0.0,1,4,1
20,99,90.99,94.31,7548.0,0.2203222110346017,8295.0,0.14168926358183606,7314.0,7755.0,3.32,0.0,1,0,0
21,98,97.47,100.0,129385.0,0.16853732022866572,132741.0,0.11405071231406487,153401.0,146393.0,2.53,0.0,1,0,1
12,99,99.58,99.13,7137.0,0.15653810387334263,7167.0,0.09528641040106207,8924.0,9002.0,0.45,1.0,2,0,0
7,100,99.75,99.56,109384.0,0.1596062300718574,109663.0,0.09753333257994075,134888.0,135487.0,0.19,1.0,2,0,1
12,99,99.1,98.92,22439.0,0.24056450261921863,22642.0,0.14745728505744907,20294.0,20516.0,0.18,1.0,1,4,0
13,97,69.3,90.44,9926.0,0.18678706833401149,14323.0,0.13296207081009995,10909.0,14067.0,21.14,0.0,1,4,1
9,92,92.34,98.64,1978.0,0.10337656572807252,2142.0,0.07006629062132616,3263.0,3308.0,6.3,0.0,1,3,1
1,96,87.01,94.08,10470.0,0.22421386401142598,12033.0,0.14352518722298105,10008.0,11137.0,7.07,0.0,1,6,1
12,99,73.42,94.88,6426.0,0.18504371397919725,8752.0,0.1246322068206657,7112.0,9031.0,21.46,0.0,3,8,1
21,98,90.64,96.09,189619.0,0.20079228933085191,209198.0,0.1266469651247673,197338.0,213254.0,5.45,0.0,3,8,1
13,97,80.48,90.44,5697.0,0.20294234825882093,7079.0,0.12718498514342727,5881.0,7193.0,9.96,0.0,3,8,1
20,99,75.85,77.39,3053.0,0.17797429709391036,4025.0,0.11216634643799761,3478.0,4494.0,1.54,0.0,6,4,1
12,99,74.09,94.88,5868.0,0.20468964739103104,7920.0,0.12067500554016222,6018.0,8374.0,20.79,0.0,6,15,1
25,98,85.92,91.84,23953.0,0.20549107908912806,27878.0,0.13017903573298784,24492.0,27828.0,5.92,0.0,6,4,1
21,98,91.53,96.09,131989.0,0.13998066582562732,144205.0,0.08697028965117296,178492.0,193008.0,4.56,0.0,6,14,1
7,100,90.43,93.62,86224.0,0.20251808918923367,95348.0,0.12256038986212751,89151.0,99643.0,3.19,0.0,6,2,1
13,97,81.24,90.44,6869.0,0.20994521104561623,8455.0,0.12736320236540305,6909.0,8582.0,9.2,0.0,6,14,1
10,99,85.94,96.85,55381.0,0.1392217777849021,64438.0,0.10106002767799116,75174.0,77619.0,10.91,0.0,1,4,1
12,99,93.7,99.06,9856.0,0.17586774436639935,10519.0,0.11628212696614759,11327.0,11435.0,5.36,0.0,1,0,1
20,99,80.21,89.25,4257.0,0.15004631992209566,5307.0,0.1067111705334195,5485.0,6146.0,9.04,0.0,5,1,1
12,99,73.48,96.05,5991.0,0.1046501809383009,8153.0,0.09567603152485021,9808.0,10211.0,22.57,0.0,5,2,1
21,98,90.66,98.85,195635.0,0.17194756090555585,215779.0,0.1185327091944637,228583.0,231235.0,8.19,0.0,5,1,1
7,100,90.77,98.44,93917.0,0.13962675177993486,103467.0,0.09603494744389508,127228.0,129242.0,7.67,0.0,5,1,1
13,97,80.6,94.49,8153.0,0.16921827780504778,10115.0,0.12846018402099074,9638.0,10200.0,13.89,0.0,5,1,1
12,99,74.33,94.88,5999.0,0.18524631306032643,8071.0,0.12533196264263555,6634.0,8293.0,20.55,0.0,3,10,1
21,98,90.67,96.09,188316.0,0.19962322061166865,207685.0,0.12829905025699695,196854.0,209631.0,5.42,0.0,3,9,1
13,97,81.29,90.44,6119.0,0.2024223305038517,7527.0,0.12161759451830531,6329.0,7912.0,9.15,0.0,3,9,1
20,99,89.4,85.59,5943.0,0.2601016618428095,6648.0,0.1513858757799755,5050.0,5900.0,3.81,1.0,3,0,0
12,99,98.48,94.88,9903.0,0.2824829717432703,10056.0,0.15141905994518534,7870.0,8923.0,3.6,1.0,3,6,0
7,100,99.35,94.95,130133.0,0.26921723033823225,130989.0,0.15641714411688795,107546.0,113270.0,4.4,1.0,3,0,0
1,96,75.1,94.08,8634.0,0.1916204813323358,11497.0,0.1382690030394701,9309.0,10955.0,18.98,0.0,1,6,1
13,97,88.51,92.39,12720.0,0.20766102604985462,14372.0,0.13483181428254093,12902.0,13964.0,3.88,0.0,1,0,0
20,99,71.69,76.34,5463.0,0.1934979075972175,7620.0,0.1290101584751825,5847.0,7659.0,4.65,0.0,2,2,1
12,99,85.05,94.88,12254.0,0.19802455224610824,14408.0,0.12461345507750293,12888.0,14869.0,9.83,0.0,2,1,1
10,99,89.09,96.79,60359.0,0.17828469292606658,67753.0,0.11891979825199009,68673.0,72429.0,7.7,0.0,1,7,1
26,97,98.47,95.99,86676.0,0.15519736335016865,88026.0,0.08961370273769727,109044.0,115410.0,2.48,1.0,1,0,1
4,95,99.01,97.5,7669.0,0.3166014270124252,7746.0,0.19122545515530906,5547.0,5689.0,1.51,1.0,1,4,1
12,99,98.88,98.86,19648.0,0.24359882925039464,19871.0,0.14965848241364568,17594.0,17796.0,0.02,1.0,1,0,0
26,97,96.94,98.11,18638.0,0.029128231940937152,19227.0,0.017873480750104687,55495.0,56563.0,1.17,0.0,1,6,1
12,99,74.57,94.88,6284.0,0.20898063764202296,8427.0,0.12622920440951904,6343.0,8612.0,20.31,0.0,3,14,1
21,98,90.87,96.09,191488.0,0.21047374486185025,210730.0,0.12859636198758415,192231.0,212329.0,5.22,0.0,3,14,1
13,97,81.23,90.44,5406.0,0.19429840856738556,6655.0,0.1196211454339592,5768.0,7083.0,9.21,0.0,3,14,1
12,99,98.72,99.37,10435.0,0.18154775524053451,10570.0,0.1123421251269679,11714.0,11788.0,0.65,0.0,2,0,0
7,100,99.32,99.39,149448.0,0.18252668217155107,150473.0,0.11205821726651281,167097.0,168126.0,0.07,0.0,2,0,0
12,99,91.1,97.89,19499.0,0.23335322391390345,21403.0,0.15699982983374755,18064.0,18453.0,6.79,0.0,1,0,1
1,96,78.95,94.08,8954.0,0.21621465914504398,11341.0,0.13885350138142616,8804.0,10771.0,15.13,0.0,1,11,1
26,97,97.75,98.31,26166.0,0.04186354461084144,26768.0,0.02542118512786869,68458.0,69635.0,0.56,0.0,1,4,1
20,99,90.06,88.69,10142.0,0.26892675267864163,11261.0,0.16219889558359415,8389.0,9459.0,1.37,1.0,1,0,0
12,99,94.98,98.21,21060.0,0.2078681835393815,22173.0,0.1332934870728673,21345.0,21735.0,3.23,0.0,1,0,1
20,99,87.56,80.8,20425.0,0.20483177896151747,23328.0,0.11295352205135276,20936.0,25912.0,6.76,1.0,1,1,0
26,97,98.28,98.93,68590.0,0.13172948878852128,69791.0,0.08136301462934141,96684.0,97733.0,0.65,0.0,1,0,1
4,95,97.96,96.8,9459.0,0.6691003774894617,9656.0,0.3558518834909268,3548.0,4141.0,1.16,1.0,1,1,1
12,99,99.17,99.55,13690.0,0.24257268754379974,13804.0,0.14975872699157275,12300.0,12356.0,0.38,0.0,1,2,0
10,99,83.01,96.79,44225.0,0.24213220040123512,53276.0,0.15702086046165825,39792.0,45928.0,13.78,0.0,1,0,1
12,99,98.59,98.43,14793.0,0.2613974037753798,15004.0,0.16034149119465074,12520.0,12720.0,0.16,1.0,1,0,0
1,96,86.18,94.08,10305.0,0.21614211016347762,11957.0,0.1472722161460691,10135.0,10845.0,7.9,0.0,1,1,1
10,99,79.62,96.79,56406.0,0.1918921123837411,70842.0,0.1216230386581035,60751.0,74463.0,17.17,0.0,1,3,1
21,98,96.74,97.34,92898.0,0.12742740740126463,96026.0,0.07864096230888146,133905.0,137562.0,0.6,0.0,1,8,1
20,99,76.42,76.69,3329.0,0.19834091027554956,4356.0,0.12228331239310415,3497.0,4560.0,0.27,0.0,7,6,1
12,99,74.14,94.88,6325.0,0.20921032957073576,8531.0,0.12185833466340742,6379.0,8954.0,20.74,0.0,7,17,1
25,98,86.14,91.84,24088.0,0.20835718466616665,27964.0,0.12966811448955304,24370.0,27998.0,5.7,0.0,7,6,1
10,99,85.79,99.71,29146.0,0.06287745113404099,33973.0,0.05066468565953766,63536.0,63718.0,13.92,0.0,7,1,1
21,98,91.65,96.09,132569.0,0.1506993010332374,144647.0,0.09494866994699988,170289.0,182137.0,4.44,0.0,7,16,1
7,100,90.43,93.62,90117.0,0.1928250202634195,99658.0,0.11952990184715716,96705.0,106128.0,3.19,0.0,7,4,1
13,97,79.98,90.44,7545.0,0.20915364708057663,9434.0,0.13362436121637902,7611.0,9230.0,10.46,0.0,7,16,1
20,99,90.27,89.72,4927.0,0.16362846523642677,5458.0,0.09941784741116308,5968.0,6652.0,0.55,1.0,5,0,0
12,99,98.78,98.91,10695.0,0.16951273966492522,10827.0,0.10410215621755531,12627.0,12766.0,0.13,0.0,5,0,1
10,99,99.93,99.33,55186.0,0.1668308707889531,55223.0,0.10140401350116751,65915.0,66357.0,0.6,1.0,5,0,1
21,98,99.56,99.67,196600.0,0.16461878915656977,197473.0,0.10104329231086723,237103.0,237895.0,0.11,0.0,5,0,1
7,100,99.4,99.65,125723.0,0.16451236948771483,126485.0,0.10118302104244055,151695.0,152225.0,0.25,0.0,5,0,1
4,95,99.69,99.77,11945.0,0.26800045525205063,11982.0,0.1649169028333595,9908.0,9931.0,0.08,0.0,1,1,0
1,96,86.21,94.08,10414.0,0.21809702280430054,12080.0,0.14236024180131082,10171.0,11252.0,7.87,0.0,1,3,1
7,100,99.13,99.98,196698.0,0.1631984543000428,198434.0,0.10121714819268735,238710.0,238758.0,0.85,0.0,1,3,1
4,95,99.72,99.27,10435.0,0.2710310298698701,10464.0,0.16569506077115978,8577.0,8640.0,0.45,1.0,1,0,0
20,99,62.64,90.18,7900.0,0.2867289951199428,12612.0,0.2713752380298271,6202.0,6877.0,27.54,0.0,1,0,1
4,95,99.93,99.69,15265.0,0.2792439817534793,15275.0,0.17118861286650622,12246.0,12284.0,0.24,1.0,1,0,0
10,99,97.88,97.88,51042.0,0.1638060927422911,52148.0,0.10038834027607813,61778.0,63116.0,0.0,0.0,1,0,1
20,99,84.97,88.19,6837.0,0.2016974106255314,8046.0,0.12997967465363222,7091.0,8041.0,3.22,0.0,1,0,0
20,99,79.38,90.41,4261.0,0.1367977929780103,5368.0,0.1008651386061238,5854.0,6475.0,11.03,0.0,5,0,1
12,99,73.22,97.88,6157.0,0.09470440958997273,8409.0,0.09053530129820302,10715.0,10947.0,24.66,0.0,5,1,1
21,98,90.8,99.39,194127.0,0.165563808254234,213792.0,0.11483370111457866,233153.0,234586.0,8.59,0.0,5,0,1
7,100,90.82,99.22,95603.0,0.1267413648926593,105266.0,0.08833263767026608,138302.0,139393.0,8.4,0.0,5,0,1
13,97,80.18,96.61,7984.0,0.15603488758925166,9958.0,0.12333738094863116,10006.0,10357.0,16.43,0.0,5,0,1
9,92,90.6,98.09,1957.0,0.11122618252773782,2160.0,0.07680595326735429,3083.0,3143.0,7.49,0.0,1,4,1
7,100,98.15,97.8,354863.0,0.27266457027897895,361552.0,0.16690345222578382,290259.0,296784.0,0.35,1.0,1,1,1
20,99,89.77,93.74,8699.0,0.3221737832106445,9690.0,0.20874938997436843,6201.0,6615.0,3.97,0.0,1,0,1
10,99,85.82,96.79,56421.0,0.15647270870182964,65743.0,0.1113621341502564,70569.0,73794.0,10.97,0.0,1,6,1
12,99,94.2,97.44,22101.0,0.19694454140021783,23462.0,0.12638908960363343,23341.0,23954.0,3.24,0.0,2,0,1
13,97,65.63,90.44,9540.0,0.19726116287421247,14537.0,0.1287955578990595,10063.0,14630.0,24.81,0.0,2,11,1
20,99,91.06,74.14,6240.0,0.1994989547982842,6853.0,0.0875848079468078,6526.0,9128.0,16.92,1.0,1,3,0
21,98,97.75,100.0,128976.0,0.16978940796976139,131943.0,0.11252953335388673,152094.0,146966.0,2.25,0.0,1,0,1
20,99,81.3,90.49,4499.0,0.12144930077975157,5534.0,0.08710496549308172,6695.0,7399.0,9.19,0.0,5,1,1
12,99,74.76,97.11,6896.0,0.10993206068537824,9224.0,0.09905785038925491,10945.0,11271.0,22.35,0.0,5,1,1
21,98,90.85,98.96,188863.0,0.17438689449346512,207885.0,0.12002032805442735,218404.0,220702.0,8.11,0.0,5,1,1
7,100,90.67,99.11,90910.0,0.13084725491538693,100262.0,0.09117253111908907,128729.0,129888.0,8.44,0.0,5,1,1
13,97,81.03,95.48,6019.0,0.1575074967761585,7428.0,0.1207935440854966,7493.0,7848.0,14.45,0.0,5,1,1
20,99,89.53,92.85,15421.0,0.20848835460214055,17225.0,0.13422876851848226,15594.0,16794.0,3.32,0.0,1,0,0
12,99,74.35,94.88,6347.0,0.20064747264512955,8537.0,0.12514049664632662,6609.0,8782.0,20.53,0.0,4,11,1
21,98,90.68,96.09,189190.0,0.20459602452329528,208641.0,0.1261461965698192,194094.0,213328.0,5.41,0.0,4,11,1
7,100,90.21,93.62,82042.0,0.2020274743440579,90945.0,0.1252516357632685,84984.0,93492.0,3.41,0.0,4,0,1
13,97,80.84,90.44,5720.0,0.20972275655984324,7076.0,0.12870725888590256,5758.0,7125.0,9.6,0.0,4,11,1
4,95,99.93,99.97,11337.0,0.2677430245983987,11345.0,0.16467850727399244,9411.0,9414.0,0.04,0.0,1,0,0
21,98,96.93,97.5,94208.0,0.1130871613230424,97194.0,0.06969182008986274,146845.0,150615.0,0.57,0.0,1,6,1
12,99,98.81,99.4,6470.0,0.1654369184538902,6548.0,0.10223805452235946,7775.0,7822.0,0.59,0.0,1,3,0
26,97,99.08,98.63,46005.0,0.128361523490655,46432.0,0.07795078579977316,65989.0,66906.0,0.45,1.0,1,2,1
13,97,98.36,99.8,18809.0,0.27625480075913644,19123.0,0.172924946732086,15222.0,15253.0,1.44,0.0,1,0,0
20,99,87.65,89.29,9411.0,0.24912596145487137,10737.0,0.1567049109113601,8278.0,9271.0,1.64,0.0,1,0,0
15,91,98.76,99.12,17885.0,0.26903130095489497,18109.0,0.1661273137267088,14789.0,14921.0,0.36,0.0,1,0,0
20,99,81.61,91.27,4757.0,0.1475453694597882,5829.0,0.10575218432570377,6202.0,6795.0,9.66,0.0,6,0,1
12,99,73.46,97.51,6911.0,0.10595248029778093,9408.0,0.09883875776328785,11227.0,11514.0,24.05,0.0,6,1,1
26,97,88.02,98.71,70926.0,0.14300203308088943,80577.0,0.10298917990004584,94509.0,95748.0,10.69,0.0,6,1,1
21,98,90.71,99.2,175107.0,0.16917817057516465,193040.0,0.11713320136827718,207037.0,208712.0,8.49,0.0,6,0,1
7,100,90.86,99.17,96054.0,0.13128163922745417,105711.0,0.09127312820289364,135709.0,136842.0,8.31,0.0,6,0,1
13,97,79.01,94.96,7070.0,0.16562592018060968,8948.0,0.13002600374689502,8489.0,8940.0,15.95,0.0,6,2,1
13,97,64.09,90.44,9493.0,0.20271454376211923,14813.0,0.13591206244255213,9808.0,14304.0,26.35,0.0,1,12,1
13,97,82.99,98.38,12254.0,0.39540688044170874,14765.0,0.2959815950557676,7340.0,7461.0,15.39,0.0,1,0,1
10,99,99.68,99.72,62668.0,0.1544231003819914,62869.0,0.09464391267465203,79121.0,79343.0,0.04,0.0,1,0,1
8,96,93.67,99.27,3416.0,0.13523789386446083,3647.0,0.09006306199326977,4730.0,4765.0,5.6,0.0,1,0,0
20,99,86.57,80.44,12514.0,0.2036480291429311,14455.0,0.11332694122958244,12884.0,16017.0,6.13,1.0,1,1,0
26,97,98.15,99.06,82170.0,0.30725825880291113,83716.0,0.191134105161787,60933.0,61509.0,0.91,0.0,1,8,0
1,96,77.87,94.08,9340.0,0.20224495701114822,11994.0,0.1430459296965529,9667.0,11130.0,16.21,0.0,1,3,1
13,97,76.72,90.44,15225.0,0.38757843206460185,19845.0,0.19953509940082223,9278.0,14069.0,13.72,0.0,1,14,1
12,99,81.55,94.88,7216.0,0.2365787551198949,8849.0,0.1301622772540345,6613.0,8834.0,13.33,0.0,2,16,1
13,97,85.34,90.44,5931.0,0.2109346202662538,6950.0,0.12466787068953136,5944.0,7170.0,5.1,0.0,2,16,1
20,99,74.03,78.22,5420.0,0.1927910934107332,7321.0,0.12722758356390904,5817.0,7437.0,4.19,0.0,7,12,1
12,99,73.43,94.88,10690.0,0.18394113397044745,14559.0,0.12581309017244538,11884.0,14916.0,21.45,0.0,7,23,1
25,98,86.57,91.84,23402.0,0.20526229337056892,27033.0,0.12491428495758036,23949.0,27847.0,5.27,0.0,7,12,1
10,99,80.92,96.79,33531.0,0.14667425858751243,41435.0,0.10974539623904962,43898.0,47012.0,15.87,0.0,7,7,1
21,98,91.39,96.09,138923.0,0.1913196516511427,152017.0,0.11920307307636675,149961.0,162219.0,4.7,0.0,7,22,1
7,100,89.92,93.62,122357.0,0.18467972033742638,136070.0,0.11865826533857501,135618.0,145701.0,3.7,0.0,7,10,1
13,97,79.53,90.44,8774.0,0.2033359589859377,11032.0,0.13086426395038497,9044.0,10968.0,10.91,0.0,7,0,1
26,97,98.63,98.53,88680.0,0.15616271228941872,89915.0,0.09553729355961595,111074.0,112727.0,0.1,1.0,1,0,1
12,99,62.32,97.64,11549.0,0.186114170607555,18531.0,0.20143466405265298,12727.0,13034.0,35.32,0.0,2,0,1
7,100,80.2,98.55,91684.0,0.07739931471347491,114316.0,0.06686405615194552,179208.0,181844.0,18.35,0.0,2,0,1
26,97,99.63,99.31,84768.0,0.14536355032045922,85085.0,0.08858717068570476,111674.0,112446.0,0.32,1.0,1,0,1
21,98,99.64,99.61,172691.0,0.1415876291530386,173312.0,0.0866147513068557,231701.0,232618.0,0.03,1.0,1,0,1
20,99,86.77,88.44,12371.0,0.1670350838081908,14258.0,0.10513201141159888,14763.0,16692.0,1.67,0.0,1,0,0
9,92,96.91,99.77,3133.0,0.15374028665593964,3233.0,0.09813155365077507,3968.0,3977.0,2.86,0.0,1,0,1
20,99,88.76,92.88,7431.0,0.2697707629912342,8372.0,0.17539751090100628,6131.0,6601.0,4.12,0.0,1,1,1
10,99,92.85,97.53,37966.0,0.14242005280499534,40891.0,0.09357891871060633,50733.0,52018.0,4.68,0.0,1,2,1
12,99,99.25,99.77,10815.0,0.254568287726381,10897.0,0.1574839433691569,9350.0,9372.0,0.52,0.0,1,1,0
13,97,84.74,92.21,12859.0,0.22142632059878622,15174.0,0.15146678801931915,12412.0,13461.0,7.47,0.0,1,0,1
12,99,97.89,94.88,28636.0,0.2378638632535941,29252.0,0.13488454131251587,26131.0,28413.0,3.01,1.0,3,2,0
25,98,99.32,91.84,34068.0,0.21879225687225062,34301.0,0.12022600651081257,33191.0,36369.0,7.48,1.0,3,2,0
13,97,98.13,92.54,18686.0,0.21342962026696047,19042.0,0.12131961741272504,18558.0,20053.0,5.59,1.0,3,0,0
4,95,99.49,99.75,7081.0,0.26752003901592053,7117.0,0.16497795871780133,5882.0,5897.0,0.26,0.0,1,0,0
21,98,98.25,97.19,216784.0,0.15693062197611482,220641.0,0.09467293279101018,270580.0,278397.0,1.06,1.0,1,0,1
20,99,91.33,94.49,15469.0,0.20484883085042185,16938.0,0.1314718491163047,15855.0,16780.0,3.16,0.0,2,0,0
21,98,97.65,100.0,129324.0,0.16158471160314042,132437.0,0.11106017491770248,158073.0,148953.0,2.35,0.0,2,1,1
12,99,99.93,100.0,9514.0,0.251972351551888,9521.0,0.15658616590872054,8293.0,8226.0,0.07,0.0,1,0,0
12,99,97.45,97.86,20090.0,0.24122690913550582,20616.0,0.14901628325250255,18130.0,18526.0,0.41,0.0,1,0,0
13,97,86.18,90.44,6324.0,0.20295256406079523,7338.0,0.1165172231231013,6528.0,7965.0,4.26,0.0,1,9,1
12,99,73.01,0.0,6782.0,0.21153529598713877,9289.0,0.12987416668191704,0.0,0.0,73.01,1.0,1,0,1
20,99,78.32,89.54,3966.0,0.12318027628914638,5064.0,0.0917810840141767,5847.0,6530.0,11.22,0.0,5,0,1
12,99,74.37,97.87,6907.0,0.076742617869901,9287.0,0.07389845073529396,13564.0,13859.0,23.5,0.0,5,1,1
21,98,90.49,99.42,190017.0,0.1710183324691458,209977.0,0.11911424010206856,222900.0,224194.0,8.93,0.0,5,0,1
7,100,90.66,99.22,96883.0,0.10587041100665256,106869.0,0.0744599672652539,157464.0,158697.0,8.56,0.0,5,0,1
13,97,80.38,96.26,6553.0,0.1294996630925621,8153.0,0.10271031722587778,9344.0,9707.0,15.88,0.0,5,0,1
25,98,93.88,97.69,20634.0,0.2054823526699101,21979.0,0.13285937939343326,21099.0,21599.0,3.81,0.0,3,0,1
10,99,94.32,97.42,101628.0,0.20381595076271705,107743.0,0.13052390417658455,104567.0,107332.0,3.1,0.0,3,0,1
21,98,94.25,98.3,211521.0,0.20367255103797247,224418.0,0.1320869673048299,217755.0,221529.0,4.05,0.0,3,0,0
12,99,99.43,99.75,8839.0,0.25660452914846116,8890.0,0.1583618678003786,7593.0,7612.0,0.32,0.0,1,0,0
10,99,89.82,99.48,76037.0,0.17486952718921733,84657.0,0.12303050021820632,87752.0,88215.0,9.66,0.0,1,0,1
1,96,87.16,98.02,10199.0,0.21016875759545306,11701.0,0.15005962443061058,10250.0,10457.0,10.86,0.0,1,0,1
21,98,99.8,99.33,139703.0,0.11192285823098999,139986.0,0.06782328225030368,219208.0,220693.0,0.47,1.0,1,2,1
10,99,90.98,96.79,75464.0,0.2097419162990469,82948.0,0.12883930967804977,75960.0,83457.0,5.81,0.0,1,13,1
21,98,97.71,100.0,131065.0,0.16685295678108247,134141.0,0.11288440620443642,156531.0,149067.0,2.29,0.0,1,4,1
21,98,97.83,97.8,91919.0,0.07713417781021331,93958.0,0.04681255693175656,180007.0,184060.0,0.03,1.0,1,3,1
13,97,63.56,90.44,9145.0,0.1986272106220118,14388.0,0.1312532753314795,9596.0,14272.0,26.88,0.0,1,13,1
21,98,98.14,96.09,125735.0,0.26309671007509133,128118.0,0.12740231808889907,105861.0,130012.0,2.05,1.0,1,0,1
12,99,98.77,98.07,20873.0,0.24010990079636094,21134.0,0.1462100012280711,18906.0,19278.0,0.7,1.0,1,0,0
12,99,75.18,94.88,6520.0,0.1970129744468616,8672.0,0.12589972893127746,6884.0,8880.0,19.7,0.0,3,9,1
21,98,90.9,96.09,189928.0,0.20290875027170382,208935.0,0.12643536763911348,196087.0,213257.0,5.19,0.0,3,9,1
13,97,81.01,90.44,5918.0,0.21741314898863778,7305.0,0.13381961206871898,5794.0,7139.0,9.43,0.0,3,9,1
12,99,98.87,99.52,8378.0,0.1773514649640436,8474.0,0.10973870064654417,9569.0,9615.0,0.65,0.0,1,0,0
12,99,99.55,98.87,12637.0,0.1820644402616476,12694.0,0.11062867562056798,14156.0,14318.0,0.68,1.0,1,1,0
5,95,91.39,96.87,9218.0,0.21476076784731538,10086.0,0.14216025526199588,9111.0,9405.0,5.48,0.0,9,1,1
20,99,77.55,84.36,10477.0,0.20160554099982295,13510.0,0.13809076001457313,10870.0,12886.0,6.81,0.0,9,1,1
12,99,87.78,94.88,20290.0,0.19861040793169893,23115.0,0.13438816000754172,21292.0,22516.0,7.1,0.0,9,1,1
25,98,91.09,97.68,19925.0,0.20370161769967415,21873.0,0.13695317117675876,20510.0,20997.0,6.59,0.0,9,1,1
26,97,89.03,95.99,89495.0,0.2086234637044635,100527.0,0.14001842198261036,90454.0,94856.0,6.96,0.0,9,1,1
10,99,92.7,97.73,83665.0,0.20365643257403468,90258.0,0.1339554618001645,86136.0,88138.0,5.03,0.0,9,1,1
21,98,89.4,96.76,206731.0,0.19990913318068979,231246.0,0.13606721338007638,215869.0,223103.0,7.36,0.0,9,1,1
7,100,93.81,97.58,237018.0,0.20821663630348877,252660.0,0.13455719278771638,239917.0,245874.0,3.77,0.0,9,0,1
13,97,81.45,90.44,10601.0,0.1892749510472789,13015.0,0.13190592156720912,11536.0,12861.0,8.99,0.0,9,1,1
20,99,90.95,97.27,5289.0,0.23016673827994735,5815.0,0.15396629860287367,4953.0,5092.0,6.32,0.0,1,4,0
1,96,80.48,94.08,8672.0,0.20846625980481484,10775.0,0.13080837695082695,8770.0,10716.0,13.6,0.0,1,12,1
7,100,98.43,98.19,329761.0,0.2535847010448146,335029.0,0.15537782082707188,285977.0,291252.0,0.24,1.0,1,0,1
13,97,64.43,90.44,10066.0,0.20734384639067963,15623.0,0.14401693480383554,10222.0,14421.0,26.01,0.0,1,10,1
12,99,99.2,98.75,20527.0,0.24200708331267431,20693.0,0.14785766824082291,18477.0,18710.0,0.45,1.0,1,0,0
20,99,89.08,92.82,14051.0,0.21608559692479212,15774.0,0.13993565367553254,13822.0,14891.0,3.74,0.0,2,0,0
21,98,97.44,100.0,130239.0,0.16953398982255627,133660.0,0.11328066764136065,153752.0,148148.0,2.56,0.0,2,6,1
21,98,98.97,100.0,175273.0,0.2799485751299263,177093.0,0.17707033087690077,140320.0,138554.0,1.03,0.0,1,1,1
4,95,99.79,99.84,12615.0,0.3041032664037958,12642.0,0.18718759723149256,9435.0,9450.0,0.05,0.0,1,0,0
12,99,99.67,99.46,12076.0,0.24424050743915188,12116.0,0.14967253035401132,10791.0,10850.0,0.21,1.0,1,0,0
12,99,99.49,99.34,6439.0,0.16173908196533998,6472.0,0.0989047851598641,7865.0,7917.0,0.15,1.0,1,1,0
10,99,81.21,96.79,56276.0,0.20288092682352804,69294.0,0.12429022577434559,58107.0,71652.0,15.58,0.0,1,4,1
20,99,60.54,85.71,23613.0,0.27942469192946884,39001.0,0.2597846638836707,18933.0,22089.0,25.17,0.0,1,0,1
19,89,97.6,99.08,774.0,0.3334869496144171,793.0,0.2089108315239273,536.0,541.0,1.48,0.0,1,0,0
8,96,66.85,97.85,5934.0,0.15784202293852706,8877.0,0.16001461959545668,7376.0,7538.0,31.0,0.0,1,0,1
20,99,94.15,93.27,8659.0,0.3347751127612462,9197.0,0.20372430980814352,5977.0,6408.0,0.88,1.0,2,0,1
13,97,80.83,90.44,5656.0,0.16637610255722263,6997.0,0.10565525267521698,6769.0,8162.0,9.61,0.0,2,7,1
13,97,66.74,90.44,9790.0,0.19136433259552438,14668.0,0.12925179148585772,10566.0,14722.0,23.7,0.0,1,9,1
12,99,98.74,98.72,21151.0,0.2515207950471062,21420.0,0.15453380654500584,18463.0,18702.0,0.02,1.0,1,2,0
20,99,92.36,91.42,9724.0,0.2944553570229603,10528.0,0.17884608026140847,7469.0,8170.0,0.94,1.0,1,0,1
12,99,98.79,95.05,21317.0,0.21837540197306685,21579.0,0.12752463695138008,20799.0,21882.0,3.74,1.0,1,0,0
26,97,98.92,98.8,44471.0,0.09454690994998044,44955.0,0.05748183233829072,77470.0,78407.0,0.12,1.0,1,1,1
20,99,80.44,90.87,4506.0,0.1465019126064958,5602.0,0.1065000343426412,5904.0,6497.0,10.43,0.0,5,2,1
12,99,74.44,94.88,6787.0,0.12332836752466866,9118.0,0.10653783535919838,9998.0,10572.0,20.44,0.0,5,2,1
21,98,90.91,98.16,188876.0,0.18092301779910955,207758.0,0.12298443657247417,212569.0,216551.0,7.25,0.0,5,2,1
7,100,90.83,98.3,90993.0,0.14648407038393146,100179.0,0.10033874874813031,119234.0,121292.0,7.47,0.0,5,2,1
13,97,80.73,92.69,5765.0,0.1605238045315486,7141.0,0.11883332799011909,7080.0,7638.0,11.96,0.0,5,2,1
20,99,79.85,82.36,3780.0,0.1820277217689764,4734.0,0.11641080785131239,4235.0,5142.0,2.51,0.0,4,4,1
12,99,74.49,94.88,6449.0,0.1473442933260768,8657.0,0.11360635153923529,8416.0,9575.0,20.39,0.0,4,5,1
21,98,90.5,96.78,190260.0,0.19146707925610004,210242.0,0.1283925429364978,205258.0,212094.0,6.28,0.0,4,4,1
13,97,80.26,90.44,6550.0,0.19376929827170647,8161.0,0.13187260485978933,7003.0,8066.0,10.18,0.0,4,4,1
4,95,99.93,100.0,7285.0,0.1150699445744964,7290.0,0.07064825483373698,11229.0,11199.0,0.07,0.0,1,0,0
12,99,99.49,99.86,13764.0,0.24025414603417894,13835.0,0.14831180260633814,12461.0,12479.0,0.37,0.0,1,2,0
1,96,79.92,94.08,9224.0,0.20745797124076576,11541.0,0.13788002078528722,9363.0,11021.0,14.16,0.0,1,5,1
12,99,98.68,98.89,23496.0,0.26410839151254256,23810.0,0.16277516022985405,19721.0,19943.0,0.21,0.0,1,3,0
20,99,94.53,91.62,8185.0,0.31848508130308495,8659.0,0.188694086168,5891.0,6430.0,2.91,1.0,1,0,1
20,99,90.54,93.66,10997.0,0.21907956786904148,12146.0,0.14053471499481718,10703.0,11428.0,3.12,0.0,1,0,0
18,89,88.83,96.27,2649.0,0.16888437305993542,2982.0,0.11412979022650616,3136.0,3287.0,7.44,0.0,10,1,1
20,99,82.91,87.49,15000.0,0.19985936193747425,18091.0,0.13161766012936318,15666.0,17907.0,4.58,0.0,10,1,1
16,92,90.55,97.07,10747.0,0.19281745384505158,11868.0,0.1258269058967009,11533.0,12158.0,6.52,0.0,10,1,1
8,96,86.67,96.55,5442.0,0.17119282317187803,6279.0,0.12002337838322928,6379.0,6666.0,9.88,0.0,10,1,1
12,99,91.75,96.59,16633.0,0.19291043580655012,18128.0,0.12671429204719895,17843.0,18472.0,4.84,0.0,10,1,1
25,98,93.77,97.67,23690.0,0.23149495692132477,25265.0,0.14979036668048923,22085.0,22611.0,3.9,0.0,10,1,1
10,99,94.58,97.71,105473.0,0.20957814548067366,111514.0,0.1342411303150661,106230.0,108716.0,3.13,0.0,10,1,1
21,98,91.32,97.62,226319.0,0.20550352345168985,247839.0,0.1376087951276247,231401.0,237034.0,6.3,0.0,10,1,1
13,97,89.15,95.94,14437.0,0.20296523485093088,16194.0,0.1370947360966012,14902.0,15533.0,6.79,0.0,10,1,1
19,89,86.3,95.46,888.0,0.21309049090119972,1029.0,0.1489514678822722,883.0,925.0,9.16,0.0,10,0,1
12,99,99.33,99.86,14247.0,0.24320553647710494,14343.0,0.1504472164779676,12774.0,12792.0,0.53,0.0,1,0,0
15,91,98.81,98.89,17229.0,0.2679057426492612,17436.0,0.1648662024941441,14295.0,14455.0,0.08,0.0,2,0,0
1,96,80.84,94.08,8183.0,0.20123036450053436,10123.0,0.12653844930481406,8502.0,10326.0,13.24,0.0,2,14,1
20,99,81.14,75.24,26642.0,0.23658710053447715,32835.0,0.13188200376090634,24415.0,32451.0,5.9,1.0,3,1,0
12,99,94.49,94.88,30093.0,0.2720446001949636,31847.0,0.151019493947639,24660.0,28318.0,0.39,0.0,3,1,1
25,98,95.45,91.84,34664.0,0.23113538551226698,36317.0,0.12182753905596548,32355.0,38125.0,3.61,1.0,3,1,0
20,99,68.29,84.96,25260.0,0.22143706718711406,36991.0,0.17890681654052135,24381.0,28698.0,16.67,0.0,2,0,1
21,98,93.05,99.13,224385.0,0.15937920673284522,241155.0,0.10664401776501074,276985.0,279408.0,6.08,0.0,2,0,1
1,96,79.7,94.08,8973.0,0.21614128107431999,11258.0,0.1387061077247231,8825.0,10701.0,14.38,0.0,1,9,1
20,99,90.47,91.22,8230.0,0.2688526680197495,9097.0,0.16699689475527882,6809.0,7464.0,0.75,0.0,2,0,0
13,97,95.91,95.78,10657.0,0.2879214042558891,11111.0,0.1767719351012351,8338.0,8705.0,0.13,1.0,2,0,0
20,99,94.8,92.91,8655.0,0.29172791529609066,9130.0,0.1750588553399893,6699.0,7210.0,1.89,1.0,1,1,1
1,96,80.38,94.08,8585.0,0.21076963933486195,10680.0,0.1346269123300053,8609.0,10389.0,13.7,0.0,1,13,1
12,99,98.64,97.62,20143.0,0.2396086959201271,20421.0,0.14528212901992912,18275.0,18721.0,1.02,1.0,1,0,0
12,99,99.35,99.39,6426.0,0.16303912133358156,6468.0,0.09996659657698273,7804.0,7852.0,0.04,0.0,1,2,0
9,92,99.39,97.18,3401.0,0.2677684556313352,3422.0,0.1600715795227959,2823.0,2905.0,2.21,1.0,1,6,0
12,99,98.51,99.67,13981.0,0.25075460657580156,14192.0,0.15637295050168595,12234.0,12275.0,1.16,0.0,1,3,0
23,90,79.47,94.78,4205.0,0.20888326012156894,5291.0,0.14880252280605535,4246.0,4760.0,15.31,0.0,1,3,1
1,96,80.87,95.31,10206.0,0.22291354631274085,12621.0,0.168473335462979,9800.0,10282.0,14.44,0.0,1,0,1
12,99,98.87,99.2,10341.0,0.1589985326078782,10459.0,0.09787362191874005,12787.0,12890.0,0.33,0.0,2,0,0
7,100,99.27,99.01,146743.0,0.14431133894327824,147825.0,0.08801563952739395,194301.0,196235.0,0.26,1.0,2,0,1
12,99,98.35,98.01,9299.0,0.262687896509104,9455.0,0.16078448532243356,7839.0,7998.0,0.34,1.0,1,0,0
10,99,94.83,97.64,41718.0,0.15220228663694907,43994.0,0.09716021899673419,53214.0,54502.0,2.81,0.0,1,1,1
7,100,98.24,98.1,328636.0,0.2646900943121465,334516.0,0.1624128602713529,275346.0,280689.0,0.14,1.0,1,0,1
21,98,97.59,97.52,164262.0,0.16527224365000748,168317.0,0.10119618487600728,197536.0,202551.0,0.07,1.0,1,0,1
20,99,92.23,84.39,5684.0,0.2641616572926498,6163.0,0.14521482782915396,4770.0,5652.0,7.84,1.0,5,0,0
12,99,98.89,94.88,9459.0,0.2920334603054858,9565.0,0.13881932663991653,7315.0,9086.0,4.01,1.0,5,17,0
21,98,99.54,96.09,229018.0,0.2532838482218298,230066.0,0.14198154507645774,198799.0,214743.0,3.45,1.0,5,0,0
7,100,99.46,93.62,116013.0,0.2998794135282643,116642.0,0.16882725455394385,87778.0,94864.0,5.84,1.0,5,0,0
13,97,96.98,90.44,7470.0,0.26875721106751793,7703.0,0.14112495895520824,6182.0,7224.0,6.54,1.0,5,17,0
21,98,99.61,99.24,136942.0,0.11649822769994096,137476.0,0.07075009920295912,209402.0,210998.0,0.37,1.0,1,3,1
12,99,97.96,97.55,20770.0,0.2544179020313689,21203.0,0.1555525095050881,17965.0,18416.0,0.41,1.0,1,1,0
12,99,98.1,99.66,8684.0,0.24869833448557202,8852.0,0.1558951323055381,7649.0,7675.0,1.56,0.0,1,0,0
15,91,88.78,100.0,17763.0,0.30183118304357154,20007.0,0.21446530077504866,13368.0,13351.0,11.22,0.0,1,0,1
1,96,78.77,94.08,8867.0,0.21107146899633136,11257.0,0.1387903883456447,8882.0,10695.0,15.31,0.0,1,8,1
21,98,97.1,97.41,93619.0,0.12065814177684225,96415.0,0.07408938632860758,139915.0,143639.0,0.31,0.0,1,7,1
12,99,98.64,98.85,21253.0,0.24598984702867696,21546.0,0.15156352384451918,18884.0,19104.0,0.21,0.0,1,3,0
13,97,71.7,90.44,10064.0,0.19178013286508788,14037.0,0.13451879391270705,10844.0,13663.0,18.74,0.0,1,3,1
12,99,99.31,99.22,10144.0,0.2658162621977327,10214.0,0.16320553259411924,8470.0,8537.0,0.09,1.0,1,0,0
1,96,83.68,94.08,7123.0,0.20008087641223546,8512.0,0.11812937466729576,7433.0,9145.0,10.4,0.0,1,18,1
12,99,99.52,99.35,11594.0,0.2766149848132118,11650.0,0.16973067180300008,9373.0,9434.0,0.17,1.0,1,0,0
12,99,99.47,99.39,12851.0,0.26557981098174827,12920.0,0.1631061619932193,10738.0,10804.0,0.08,1.0,1,1,0
12,99,99.61,98.99,10708.0,0.24445162575372353,10750.0,0.1490200188646078,9562.0,9660.0,0.62,1.0,1,0,0
12,99,88.83,94.88,11540.0,0.3190693823222272,12991.0,0.2066228376508531,8293.0,8945.0,6.05,0.0,1,1,1
20,99,70.55,88.31,7717.0,0.37660865293775064,10939.0,0.30026710847385213,4820.0,5458.0,17.76,0.0,1,2,1
10,99,91.0,96.79,73013.0,0.20960421048500003,80236.0,0.128852593024259,73530.0,80722.0,5.79,0.0,1,12,1
26,97,99.04,98.96,70524.0,0.13150660716009227,71208.0,0.0803297325861025,99524.0,100575.0,0.08,1.0,1,0,1
20,99,81.89,89.12,6822.0,0.22364096746555245,8331.0,0.15299313032439704,6534.0,7332.0,7.23,0.0,2,0,1
25,98,92.73,99.41,24871.0,0.19869294213225028,26822.0,0.13359795246186468,26091.0,26246.0,6.68,0.0,2,0,1
12,99,99.28,98.8,11578.0,0.2562799844149431,11662.0,0.15656261585215955,9956.0,10077.0,0.48,1.0,1,0,0
20,99,87.22,88.35,16029.0,0.2637607227020356,18378.0,0.1647580947360128,13468.0,15244.0,1.13,0.0,3,0,0
12,99,96.98,97.78,20423.0,0.2769378465897242,21060.0,0.1720170524123524,16495.0,16870.0,0.8,0.0,3,0,0
7,100,98.2,98.2,223201.0,0.2739375241656808,227300.0,0.16842542089584397,181877.0,185218.0,0.0,0.0,3,0,0
20,99,80.5,83.68,4356.0,0.19051606359177237,5411.0,0.12307139751743632,4717.0,5637.0,3.18,0.0,5,5,1
12,99,73.12,94.88,6509.0,0.15843702139234805,8902.0,0.11957926284729015,8069.0,9477.0,21.76,0.0,5,5,1
21,98,90.78,96.09,189107.0,0.19386805308306465,208323.0,0.12806113595850618,202108.0,210573.0,5.31,0.0,5,5,1
7,100,90.78,94.69,87232.0,0.1756303271879683,96088.0,0.11404396532442086,100351.0,105975.0,3.91,0.0,5,5,1
13,97,80.83,90.44,5875.0,0.19402789062352951,7268.0,0.12862278623369253,6275.0,7322.0,9.61,0.0,5,5,1
20,99,90.83,94.44,12162.0,0.21943413910756332,13390.0,0.141693877954189,11822.0,12518.0,3.61,0.0,1,0,0
20,99,85.23,88.35,14555.0,0.20266097600167893,17078.0,0.13040238575611393,15041.0,17025.0,3.12,0.0,4,0,0
25,98,94.99,98.66,20747.0,0.200664842070397,21842.0,0.12945570634049094,21602.0,21896.0,3.67,0.0,4,0,0
10,99,95.22,98.54,104379.0,0.2041906727781988,109615.0,0.13108236575910961,107247.0,108840.0,3.32,0.0,4,0,0
21,98,95.27,98.95,213697.0,0.20374670500688793,224311.0,0.13143917239497088,219934.0,222261.0,3.68,0.0,4,0,0
12,99,98.98,98.95,11493.0,0.2762259539911464,11612.0,0.16978033408664028,9302.0,9401.0,0.03,1.0,1,0,0
13,97,96.68,96.48,9979.0,0.2903905985276748,10322.0,0.17814242497954727,7753.0,8036.0,0.2,1.0,1,0,0
10,99,91.3,96.79,67341.0,0.2053987921860989,73756.0,0.12663812284188414,68880.0,75190.0,5.49,0.0,1,10,1
10,99,91.14,96.79,70355.0,0.21104430444105243,77191.0,0.12989395239990104,70481.0,77182.0,5.65,0.0,1,11,1
12,99,99.17,100.12,13518.0,0.23836443510597166,13631.0,0.148235248849774,12315.0,12300.0,0.95,0.0,1,2,0
20,99,90.61,89.58,8494.0,0.2676954749452191,9374.0,0.1622491965179551,7052.0,7872.0,1.03,1.0,1,0,0
13,97,83.8,90.44,9303.0,0.21325834092589588,11101.0,0.14020337488519682,9245.0,10464.0,6.64,0.0,1,2,1
20,99,90.23,93.58,4913.0,0.22700672674863806,5445.0,0.14609086923760725,4651.0,4970.0,3.35,0.0,1,0,0
20,99,74.02,77.42,4194.0,0.1764617691676459,5666.0,0.11501027165137276,4808.0,6210.0,3.4,0.0,7,10,1
12,99,74.4,94.88,9151.0,0.1636175590971723,12300.0,0.11272408537753506,11085.0,13683.0,20.48,0.0,7,21,1
25,98,86.22,91.84,23942.0,0.2097233819567406,27768.0,0.12931385194502767,24101.0,27860.0,5.62,0.0,7,10,1
10,99,84.41,96.79,31579.0,0.11710045621967195,37412.0,0.08638127761186387,48127.0,50307.0,12.38,0.0,7,5,1
21,98,91.37,96.09,136560.0,0.17808461450404378,149456.0,0.11185903530934958,155499.0,167209.0,4.72,0.0,7,20,1
7,100,90.04,93.62,109303.0,0.18943937879207345,121396.0,0.12047248080412234,118866.0,128517.0,3.58,0.0,7,8,1
13,97,79.05,90.44,8457.0,0.1892173957825433,10698.0,0.12309801357085831,9205.0,11143.0,11.39,0.0,7,20,1
20,99,90.28,91.24,8828.0,0.3354720332028158,9778.0,0.20905040895369992,6083.0,6667.0,0.96,0.0,5,0,1
12,99,81.85,98.63,8158.0,0.12606160499875355,9967.0,0.10103400733150532,11844.0,12008.0,16.78,0.0,5,0,1
21,98,93.32,99.44,198227.0,0.18075141050979818,212420.0,0.12074477373080741,223250.0,224499.0,6.12,0.0,5,0,1
7,100,93.75,99.49,104861.0,0.1468158079411691,111857.0,0.09784274790143478,137189.0,137887.0,5.74,0.0,5,0,1
13,97,85.12,96.87,6429.0,0.16167568768268792,7553.0,0.11824006590749198,7855.0,8109.0,11.75,0.0,5,0,1
5,95,94.24,98.91,9558.0,0.21458596553785797,10142.0,0.1402604367278815,9453.0,9557.0,4.67,0.0,7,0,0
20,99,80.95,86.59,12981.0,0.20804684759757275,16035.0,0.13938390781610127,13148.0,15184.0,5.64,0.0,7,0,1
12,99,91.65,97.11,20504.0,0.1921052200657143,22373.0,0.1272679879182412,22065.0,22722.0,5.46,0.0,7,0,1
25,98,92.92,97.02,20214.0,0.21188901269865879,21754.0,0.13758828200888423,20188.0,20808.0,4.1,0.0,7,0,1
10,99,94.63,98.33,86308.0,0.2066530919073173,91203.0,0.13336592727672858,87870.0,89364.0,3.7,0.0,7,0,1
21,98,92.8,98.28,216378.0,0.20277868524780013,233172.0,0.13417491040022572,223504.0,227408.0,5.48,0.0,7,0,1
13,97,85.81,93.78,12326.0,0.20315373238815312,14364.0,0.13997448983090147,12714.0,13557.0,7.97,0.0,7,0,1
10,99,93.74,96.79,85994.0,0.21059951879993113,91733.0,0.12995188938699692,86288.0,91691.0,3.05,0.0,1,0,1
20,99,68.44,85.62,14061.0,0.24880269509524214,20546.0,0.20127241987563205,12381.0,14461.0,17.18,0.0,1,0,1
20,99,93.65,90.87,8056.0,0.30880914324653425,8602.0,0.1831333883628463,5949.0,6547.0,2.78,1.0,1,0,1
20,99,78.48,83.94,13438.0,0.21870767062151666,17122.0,0.14640476772460947,13096.0,15602.0,5.46,0.0,1,0,1
13,97,90.55,95.08,8904.0,0.217362773106377,9833.0,0.1421420467851115,8719.0,9170.0,4.53,0.0,1,0,0
20,99,88.73,87.66,16170.0,0.25487790784435954,18224.0,0.1542842715793282,13966.0,15932.0,1.07,1.0,1,0,0
4,95,99.62,96.8,8735.0,0.4193989821447796,8768.0,0.24553111441579367,4972.0,5214.0,2.82,1.0,1,3,1
21,98,98.24,98.13,91015.0,0.06129641614365257,92650.0,0.03697414883970691,200927.0,204755.0,0.11,1.0,1,2,1
12,99,97.54,97.75,20508.0,0.24500982856641254,21026.0,0.15097955921427786,18280.0,18700.0,0.21,0.0,1,1,0
12,99,98.38,99.46,10715.0,0.1637318674639191,10891.0,0.10187854585047104,12973.0,13043.0,1.08,0.0,1,2,0
20,99,79.31,85.63,3745.0,0.15023668041200425,4722.0,0.10250870473432619,4821.0,5630.0,6.32,0.0,5,2,1
12,99,73.84,94.88,6313.0,0.10602738977780972,8549.0,0.09030446623059986,10251.0,11149.0,21.04,0.0,5,3,1
21,98,90.51,98.13,189931.0,0.1832259557372998,209854.0,0.12519821714306195,211758.0,215801.0,7.62,0.0,5,2,1
7,100,90.59,96.39,93899.0,0.14918417936418762,103651.0,0.09974133486909406,121477.0,126033.0,5.8,0.0,5,2,1
13,97,80.52,91.84,6476.0,0.16523768850014706,8043.0,0.12111117544430572,7789.0,8481.0,11.32,0.0,5,2,1
20,99,76.37,76.3,3603.0,0.18341369900206858,4718.0,0.11236131547906839,4014.0,5261.0,0.07,1.0,7,8,1
12,99,73.49,94.88,7885.0,0.18180926311755496,10729.0,0.11476191184781627,8842.0,11778.0,21.39,0.0,7,19,1
25,98,86.83,91.84,24312.0,0.2121693764449756,27999.0,0.13033599105095847,24256.0,27923.0,5.01,0.0,7,8,1
10,99,86.15,97.87,29580.0,0.0854300876890778,34335.0,0.06445342987025982,54692.0,55880.0,11.72,0.0,7,3,1
21,98,91.65,96.09,134639.0,0.16472397126414276,146906.0,0.10373447120789463,162302.0,173659.0,4.44,0.0,7,18,1
7,100,90.2,93.62,96228.0,0.1893237317388641,106680.0,0.11890109789748197,104695.0,114056.0,3.42,0.0,7,6,1
13,97,80.27,90.44,8197.0,0.19903097113135562,10212.0,0.12916269417711604,8588.0,10255.0,10.17,0.0,7,18,1
12,99,99.48,98.97,13091.0,0.26859830858342537,13159.0,0.16406693221154717,10839.0,10952.0,0.51,1.0,1,1,0
20,99,79.65,87.45,4243.0,0.16189830301297692,5327.0,0.11282614878398332,5179.0,5922.0,7.8,0.0,5,2,1
12,99,73.7,94.88,6085.0,0.12411950785155329,8256.0,0.10633237314714075,8926.0,9586.0,21.18,0.0,5,3,1
21,98,90.75,98.2,196301.0,0.17770996328717442,216314.0,0.12119013915672015,223873.0,227982.0,7.45,0.0,5,2,1
7,100,90.9,96.77,92712.0,0.15417773018324235,101996.0,0.10311507056587199,117185.0,121093.0,5.87,0.0,5,2,1
13,97,80.36,91.78,7790.0,0.16716485364379216,9694.0,0.12268343000168892,9291.0,10123.0,11.42,0.0,5,2,1
13,97,84.75,90.44,14359.0,0.21779551216503673,16943.0,0.1449079530357595,14039.0,15564.0,5.69,0.0,1,3,1
1,96,78.78,94.08,9599.0,0.2043737307117569,12185.0,0.14759092214810315,9856.0,11033.0,15.3,0.0,1,2,1
13,97,91.26,91.85,10081.0,0.2568232403656515,11046.0,0.1591202865119448,8654.0,9422.0,0.59,0.0,1,0,0
20,99,80.4,89.26,4463.0,0.16903776880829458,5551.0,0.11943244856602353,5280.0,5915.0,8.86,0.0,5,3,1
12,99,73.05,94.88,6663.0,0.13566864453621028,9121.0,0.1133058933912404,9206.0,10108.0,21.83,0.0,5,3,1
21,98,90.84,97.39,188887.0,0.1863064967600462,207939.0,0.1253957869411066,207993.0,213576.0,6.55,0.0,5,3,1
7,100,90.87,96.94,90523.0,0.16002873623998023,99621.0,0.10726491165756287,111418.0,114936.0,6.07,0.0,5,3,1
13,97,81.63,90.44,6011.0,0.18252180553193237,7364.0,0.12744403184434153,6721.0,7471.0,8.81,0.0,5,3,1
20,99,85.88,77.97,9438.0,0.2764375685386795,10990.0,0.150652823136838,7634.0,9791.0,7.91,1.0,3,21,0
12,99,96.15,94.88,21504.0,0.32136923330579237,22366.0,0.15842118043084452,15361.0,19145.0,1.27,1.0,3,32,0
7,100,97.9,93.62,191640.0,0.28062538835911,195741.0,0.15957149488354713,153121.0,166585.0,4.28,1.0,3,0,0
10,99,96.88,99.99,76053.0,0.1905956401417048,78502.0,0.1219632409894593,82330.0,82341.0,3.11,0.0,1,0,1
12,99,99.62,99.61,12741.0,0.26760168202678575,12789.0,0.1644902513531562,10581.0,10622.0,0.01,1.0,1,1,0
12,99,98.85,98.98,12285.0,0.2549838086218408,12428.0,0.15698209855904363,10607.0,10716.0,0.13,0.0,1,0,1
13,97,79.11,90.44,5824.0,0.15567416673679071,7362.0,0.10621247669317249,7311.0,8555.0,11.33,0.0,1,5,1
10,99,91.7,96.79,65919.0,0.20631185736906965,71885.0,0.12615038530002104,67197.0,73498.0,5.09,0.0,1,9,1
12,99,99.55,99.31,11898.0,0.24917333140624298,11952.0,0.1526599933849977,10464.0,10537.0,0.24,1.0,1,1,0
12,99,98.26,98.38,19889.0,0.24169578512641432,20241.0,0.14872623391672335,17921.0,18217.0,0.12,0.0,1,0,0
12,99,99.52,98.49,19146.0,0.24179333269481948,19239.0,0.14662877105693178,17246.0,17510.0,1.03,1.0,1,0,0
12,99,97.27,97.45,24446.0,0.25424611168955097,25131.0,0.15661153021249893,21156.0,21710.0,0.18,0.0,1,0,0
9,92,92.9,99.46,2302.0,0.10920686169386927,2478.0,0.0741734455164508,3669.0,3689.0,6.56,0.0,1,1,1
21,98,97.75,100.0,127830.0,0.16937390132850283,130768.0,0.11178770839625293,151012.0,146370.0,2.25,0.0,1,1,1
13,97,84.93,90.44,14521.0,0.22364047785983332,17098.0,0.1451833712939772,13908.0,15683.0,5.51,0.0,1,2,1
7,100,98.12,97.48,384229.0,0.26556129601032463,391588.0,0.16193490424583112,321071.0,329356.0,0.64,1.0,1,3,1
12,99,92.48,95.76,16382.0,0.18927324829094064,17715.0,0.12166188663493308,17827.0,18616.0,3.28,0.0,1,0,1
10,99,96.38,99.7,60118.0,0.14322180369557927,62373.0,0.09204934656936531,80022.0,80266.0,3.32,0.0,2,1,1
13,97,94.92,97.53,8072.0,0.1499131445957896,8504.0,0.09541703508083892,10407.0,10671.0,2.61,0.0,2,0,0
12,99,99.7,99.18,5352.0,0.12007743075654258,5368.0,0.07278352434339264,8024.0,8090.0,0.52,1.0,1,0,1
12,99,99.12,99.34,19297.0,0.3355542874140532,19468.0,0.2070419904190229,13294.0,13382.0,0.22,0.0,1,0,1
20,99,77.93,76.68,7336.0,0.21270080865939378,9413.0,0.1278438021595545,7305.0,9527.0,1.25,1.0,4,20,1
12,99,79.57,94.88,14999.0,0.2430973946865221,18849.0,0.1368468467165923,13453.0,18105.0,15.31,0.0,4,31,1
21,98,92.1,96.09,211063.0,0.2329083251290303,229164.0,0.14246134173750694,195824.0,213338.0,3.99,0.0,4,30,1
13,97,82.34,90.44,11502.0,0.22801262263927924,13969.0,0.13505650962759286,10851.0,13555.0,8.1,0.0,4,8,1
26,97,97.14,95.99,33533.0,0.051992508535879695,34521.0,0.02994857185789148,80012.0,83975.0,1.15,1.0,1,1,1
10,99,86.52,96.79,59181.0,0.22759307287487607,68404.0,0.1284817105071691,55912.0,68970.0,10.27,0.0,1,6,1
20,99,56.47,89.91,19099.0,0.9940203019065376,33821.0,1.0,4962.0,5519.0,33.44,0.0,1,0,1
20,99,56.69,89.24,17028.0,0.8701739042475435,30035.0,0.86781446780478,5011.0,5615.0,32.55,0.0,1,0,1
13,97,96.95,96.85,10118.0,0.2555305313920231,10436.0,0.1568379759668446,8721.0,9005.0,0.1,1.0,1,0,0
4,95,99.73,100.0,15497.0,0.28135300004582386,15539.0,0.1740518064872183,12356.0,12329.0,0.27,0.0,1,0,0
12,99,99.16,99.24,14796.0,0.27198173521282254,14922.0,0.16739214852424647,12127.0,12220.0,0.08,0.0,1,1,1
13,97,98.56,99.09,17390.0,0.27624546013765006,17644.0,0.17098250440215704,14074.0,14203.0,0.53,0.0,1,0,1
7,100,99.13,99.24,214782.0,0.1031777066032781,216673.0,0.06304500039943371,354738.0,357463.0,0.11,0.0,1,1,1
20,99,71.57,78.05,5449.0,0.17134718823338238,7614.0,0.11817224120773535,6383.0,8178.0,6.48,0.0,2,1,1
12,99,84.21,94.88,12321.0,0.17984672572050533,14632.0,0.11732094297667521,13928.0,15801.0,10.67,0.0,2,0,1
12,99,98.21,97.65,19728.0,0.2414204920361478,20087.0,0.14726103141878627,17792.0,18220.0,0.56,1.0,1,0,0
23,90,91.27,98.69,4466.0,0.21221343776829518,4893.0,0.14412049619991757,4455.0,4514.0,7.42,0.0,1,0,1
13,97,76.55,90.44,6164.0,0.1790112592222995,8052.0,0.12570159034909217,6992.0,8255.0,13.89,0.0,1,6,1
20,99,75.3,77.53,3789.0,0.17323561012863445,5032.0,0.11054301440168116,4403.0,5679.0,2.23,0.0,7,9,1
12,99,73.64,94.88,8390.0,0.14891325780946665,11394.0,0.1043547897904933,10868.0,13411.0,21.24,0.0,7,20,1
25,98,86.29,91.84,23584.0,0.20272078873364316,27332.0,0.12582613631910403,24366.0,28000.0,5.55,0.0,7,9,1
10,99,88.22,96.79,32935.0,0.11453301331447258,37333.0,0.08042677406910649,50919.0,52687.0,8.57,0.0,7,4,1
21,98,91.48,96.09,135194.0,0.1707775238070286,147779.0,0.10749424796010414,158753.0,170232.0,4.61,0.0,7,19,1
7,100,90.22,93.62,100294.0,0.1851818783116216,111169.0,0.11648471986859481,110939.0,120693.0,3.4,0.0,7,7,1
13,97,78.7,90.44,8194.0,0.18321678995636204,10412.0,0.12279969843801739,9136.0,10865.0,11.74,0.0,7,19,1
20,99,90.4,93.79,11729.0,0.21373039827324117,12975.0,0.1376421249477541,11636.0,12407.0,3.39,0.0,1,1,0
8,96,99.81,98.81,4697.0,0.40855841894460987,4706.0,0.24867323018278462,2735.0,2768.0,1.0,1.0,1,0,1
12,99,99.19,99.09,12303.0,0.14757419609612218,12404.0,0.0902354757145819,16038.0,16185.0,0.1,1.0,2,0,0
7,100,99.41,99.35,156129.0,0.1569127464113535,157054.0,0.09604826505656014,194889.0,196159.0,0.06,1.0,2,0,1
20,99,93.16,91.62,9164.0,0.3022869701623068,9837.0,0.18221296623025898,6888.0,7518.0,1.54,1.0,1,0,1
12,99,98.97,98.94,13043.0,0.24013229324008334,13179.0,0.14749713510456067,11813.0,11939.0,0.03,1.0,1,0,0
26,97,99.56,95.99,109220.0,0.26774677523851814,109703.0,0.1515151034505387,90664.0,97294.0,3.57,1.0,1,0,1
18,89,91.38,98.94,2799.0,0.17190411805527211,3063.0,0.11740237768996502,3271.0,3306.0,7.56,0.0,11,0,0
20,99,84.55,89.04,15420.0,0.1946048610008759,18237.0,0.12786075834043234,16433.0,18456.0,4.49,0.0,11,0,0
16,92,93.06,99.3,11579.0,0.2039472038042543,12443.0,0.13625548269528762,11908.0,11992.0,6.24,0.0,11,0,0
8,96,92.26,99.15,6304.0,0.20081734782653277,6833.0,0.13543947933452186,6560.0,6616.0,6.89,0.0,11,0,0
15,91,93.36,98.57,10928.0,0.19195263373077145,11705.0,0.12656247668233006,11767.0,11938.0,5.21,0.0,11,0,0
12,99,93.78,98.83,17464.0,0.197450812826523,18622.0,0.12984683600957622,18408.0,18625.0,5.05,0.0,11,0,1
25,98,94.76,98.68,21833.0,0.20316866641860626,23040.0,0.13150246799910328,22519.0,22821.0,3.92,0.0,11,0,0
10,99,95.47,98.84,106810.0,0.2107583765769164,111876.0,0.13536037556825598,107113.0,108372.0,3.37,0.0,11,0,1
21,98,93.52,99.17,228238.0,0.20530349251620625,244040.0,0.13603396273675453,233537.0,235491.0,5.65,0.0,11,0,0
17,96,93.33,99.27,4439.0,0.21773558332312848,4756.0,0.144735050085496,4341.0,4373.0,5.94,0.0,11,0,1
13,97,92.37,98.53,15190.0,0.21401650027482844,16444.0,0.1428237971311629,15054.0,15278.0,6.16,0.0,11,0,1
12,99,98.07,97.75,22787.0,0.26999362253801057,23236.0,0.16532820019257377,18788.0,19220.0,0.32,1.0,1,3,0
13,97,67.02,90.44,10617.0,0.21905660625698833,15841.0,0.14865985135032625,10334.0,14262.0,23.42,0.0,1,8,1
20,99,85.29,88.37,5429.0,0.22324486533751917,6365.0,0.1434956289815855,5207.0,5892.0,3.08,0.0,1,0,0
20,99,77.08,76.34,6928.0,0.19746817250180695,8988.0,0.11963849919904744,7302.0,9565.0,0.74,1.0,6,18,1
12,99,73.84,94.88,12119.0,0.1977383526265879,16412.0,0.1215096929867172,12760.0,17263.0,21.04,0.0,6,29,1
10,99,99.61,96.79,66715.0,0.34331829677718084,66976.0,0.18004358012432312,45083.0,51692.0,2.82,1.0,6,13,0
21,98,90.28,96.09,201459.0,0.2833967760628751,223145.0,0.174760007169055,159679.0,176464.0,5.81,0.0,6,28,1
7,100,88.24,93.62,123773.0,0.17318003442638746,140272.0,0.10963750699214285,143864.0,159267.0,5.38,0.0,6,16,1
13,97,79.46,90.44,10921.0,0.20696031192542166,13744.0,0.1301338210079445,11106.0,13723.0,10.98,0.0,6,6,1
24,95,98.03,95.64,4323.0,0.26965155252505274,4410.0,0.14731293258560485,3568.0,3999.0,2.39,1.0,1,0,0
1,96,89.76,97.97,10250.0,0.21591811240912415,11419.0,0.14834464130730415,10089.0,10298.0,8.21,0.0,1,0,1
21,98,98.26,98.81,90889.0,0.044403453123290394,92498.0,0.02699002615237967,232175.0,234975.0,0.55,0.0,1,1,1
12,99,98.08,98.1,20671.0,0.24272404590265564,21076.0,0.14918957933293106,18563.0,18922.0,0.02,0.0,1,0,0
7,100,98.91,98.67,322464.0,0.15152165144171056,326002.0,0.09246884235841697,412628.0,418192.0,0.24,1.0,1,0,1
5,95,94.31,98.74,9408.0,0.22501041480188333,9976.0,0.146576661719061,8968.0,9082.0,4.43,0.0,8,0,0
20,99,81.15,86.95,11089.0,0.21292931897250442,13665.0,0.14292528570784624,11033.0,12689.0,5.8,0.0,8,0,1
12,99,92.04,97.37,21396.0,0.20453026063761875,23246.0,0.13511123239737804,21956.0,22550.0,5.33,0.0,8,0,1
25,98,93.74,98.45,19762.0,0.19901394149987828,21081.0,0.13026139342628787,20706.0,21033.0,4.71,0.0,8,0,1
26,97,92.36,98.27,89758.0,0.21325338187557183,97178.0,0.14184874861772603,89200.0,90772.0,5.91,0.0,8,0,1
10,99,95.26,99.2,85275.0,0.2045881175833217,89520.0,0.1324213747789153,87488.0,88196.0,3.94,0.0,8,0,1
21,98,92.96,98.56,210366.0,0.20333170467815118,226292.0,0.1347214021031348,216843.0,220007.0,5.6,0.0,8,0,1
13,97,86.3,94.34,11567.0,0.2078342902211454,13404.0,0.14318464792654836,11725.0,12429.0,8.04,0.0,8,0,1
20,99,86.73,83.35,22155.0,0.21643092696968713,25545.0,0.12617704114970227,21767.0,26114.0,3.38,1.0,1,0,0
23,90,83.94,94.78,4052.0,0.1817440575076924,4827.0,0.12292927270457618,4545.0,5033.0,10.84,0.0,1,2,1
10,99,94.44,99.27,71756.0,0.1793593966087725,75979.0,0.11765913050660327,81278.0,81873.0,4.83,0.0,1,1,1
13,97,96.25,90.44,14045.0,0.17955414492081873,14592.0,0.09839340066686415,15896.0,17916.0,5.81,1.0,1,2,0
12,99,95.11,98.34,20768.0,0.18935003752109208,21836.0,0.12146929716548756,22593.0,22974.0,3.23,0.0,1,0,1
20,99,89.8,89.59,10833.0,0.27832183334309285,12063.0,0.17064501775232663,8714.0,9726.0,0.21,1.0,1,1,1
21,98,98.17,100.0,120063.0,0.15839427526764352,122305.0,0.1058950125468626,148867.0,142434.0,1.83,0.0,1,0,1
1,96,86.8,94.08,10525.0,0.22196323063405732,12125.0,0.14530914747132403,10140.0,11114.0,7.28,0.0,1,2,1
12,99,99.46,99.85,10502.0,0.2539536347065897,10559.0,0.15684086926382249,9097.0,9111.0,0.39,0.0,1,0,0
13,97,93.5,90.44,14522.0,0.2752057857011838,15531.0,0.13168500671407213,11789.0,15367.0,3.06,1.0,1,15,0
20,99,74.52,76.89,6585.0,0.19722374184442262,8836.0,0.12613693303944307,6947.0,9035.0,2.37,0.0,6,16,1
12,99,73.6,94.88,12057.0,0.1903067128503305,16382.0,0.12446926162101767,13067.0,16921.0,21.28,0.0,6,27,1
10,99,85.09,97.09,41880.0,0.11967191353637453,49216.0,0.08903586220776112,62928.0,64816.0,12.0,0.0,6,11,1
21,98,90.54,96.09,155289.0,0.18344657163435926,171511.0,0.1108749346146562,172980.0,193137.0,5.55,0.0,6,26,1
7,100,88.66,93.62,124357.0,0.19174430287605101,140270.0,0.12076890592346455,134014.0,148224.0,4.96,0.0,6,14,1
13,97,79.04,90.44,10409.0,0.2164776065563138,13170.0,0.133937360522396,10225.0,12862.0,11.4,0.0,6,4,1
10,99,97.74,99.43,61167.0,0.16166755295563576,62581.0,0.10146884952120065,74737.0,75164.0,1.69,0.0,1,2,0
25,98,99.19,95.55,34027.0,0.22020285088832192,34306.0,0.1288125123577065,32986.0,34522.0,3.64,1.0,1,3,0
12,99,92.14,98.94,10439.0,0.17822158095349921,11330.0,0.12030708486144574,11880.0,12007.0,6.8,0.0,3,0,1
26,97,95.95,99.6,87810.0,0.18393550899899902,91516.0,0.11863155461675144,97620.0,98010.0,3.65,0.0,3,0,1
13,97,91.08,95.95,8238.0,0.1942292596357584,9045.0,0.12768907506559535,8792.0,9163.0,4.87,0.0,3,1,1
20,99,91.24,91.5,5434.0,0.27507824125124575,5956.0,0.1697342294399357,4413.0,4823.0,0.26,0.0,1,1,0
12,99,98.32,99.46,8136.0,0.17817190657293633,8275.0,0.11099474186894222,9261.0,9311.0,1.14,0.0,1,1,0
21,98,97.43,100.0,121801.0,0.16979254397641594,125014.0,0.11031206354586583,143631.0,141305.0,2.57,0.0,1,0,1
15,91,98.39,99.03,15075.0,0.2849300634342224,15322.0,0.17663023671443803,11896.0,12012.0,0.64,0.0,1,0,0
19,89,83.63,94.62,1068.0,0.2653575790592599,1277.0,0.1819758819418529,893.0,977.0,10.99,0.0,1,1,1
8,96,99.0,99.34,3953.0,0.12709131824788425,3993.0,0.07810852229622005,5708.0,5746.0,0.34,0.0,1,0,1
21,98,97.41,97.67,93063.0,0.09104936701477842,95538.0,0.05569424175959787,165797.0,169749.0,0.26,0.0,1,4,1
10,99,78.35,96.79,58911.0,0.18773288847383862,75191.0,0.13484242312296543,64501.0,73052.0,18.44,0.0,1,2,1
12,99,99.22,98.95,14153.0,0.28185459058196716,14264.0,0.17272573816942502,11268.0,11388.0,0.27,1.0,1,0,1
13,97,78.09,95.74,13954.0,0.36257154884130793,17870.0,0.28262759770968565,9003.0,9404.0,17.65,0.0,1,0,1
21,98,96.02,99.11,204848.0,0.16547301547437568,213348.0,0.10596124135112917,246127.0,248348.0,3.09,0.0,1,0,1
25,98,99.62,94.27,22567.0,0.22800898116601698,22652.0,0.13038506371231273,21290.0,22584.0,5.35,1.0,1,0,0
4,95,99.91,99.7,11328.0,0.2664647803157375,11338.0,0.16338681023903637,9440.0,9468.0,0.21,1.0,1,0,0
12,99,99.23,99.61,12069.0,0.24216690655224793,12163.0,0.14953501183004805,10858.0,10900.0,0.38,0.0,1,1,0
20,99,75.89,78.78,3040.0,0.15296659116426498,4006.0,0.0987751963468173,3864.0,4905.0,2.89,0.0,5,1,1
12,99,74.08,94.88,5919.0,0.19533590116628363,7990.0,0.12593299251593423,6290.0,8180.0,20.8,0.0,5,12,1
25,98,85.7,97.96,24351.0,0.18096434471072748,28414.0,0.13256149706993872,27401.0,27971.0,12.26,0.0,5,1,1
21,98,91.6,96.09,131310.0,0.12511113368286908,143353.0,0.07696767534541725,191602.0,208303.0,4.49,0.0,5,11,1
13,97,80.54,90.44,6398.0,0.21638432792616336,7944.0,0.12811967966124163,6287.0,8027.0,9.9,0.0,5,11,1
10,99,93.94,98.5,86913.0,0.1690047120523724,92516.0,0.11056092886066685,102838.0,104399.0,4.56,0.0,1,0,1
10,99,87.02,97.37,62115.0,0.13846321932108283,71380.0,0.0995430941323174,84632.0,86917.0,10.35,0.0,1,1,1
20,99,79.84,85.43,4294.0,0.174417789444602,5378.0,0.11720379210996568,4965.0,5812.0,5.59,0.0,5,4,1
12,99,73.39,94.88,6607.0,0.1486012700659251,9003.0,0.11671369691038061,8571.0,9760.0,21.49,0.0,5,4,1
21,98,90.73,96.63,187821.0,0.18892556125757728,207003.0,0.12603274408448586,204670.0,211798.0,5.9,0.0,5,4,1
7,100,90.92,95.65,88718.0,0.16818006740412733,97575.0,0.11052378154526188,105348.0,110135.0,4.73,0.0,5,4,1
13,97,80.9,90.44,5939.0,0.18883891498913902,7341.0,0.12890891236654914,6474.0,7383.0,9.54,0.0,5,4,1
20,99,51.99,83.62,25634.0,0.2230910535944428,49303.0,0.24455772998461556,24599.0,29419.0,31.63,0.0,7,0,1
12,99,72.79,96.59,25028.0,0.20948763913061139,34384.0,0.18367765311093467,25216.0,26106.0,23.8,0.0,7,0,1
25,98,70.02,95.95,28949.0,0.1648407459647359,41342.0,0.15316036423696092,34879.0,36353.0,25.93,0.0,7,0,1
10,99,67.03,97.68,79194.0,0.13112627749792144,118139.0,0.1350530138552266,111978.0,114640.0,30.65,0.0,7,0,1
21,98,81.76,96.83,150890.0,0.10106874170239227,184544.0,0.08031732324237209,252414.0,260679.0,15.07,0.0,7,0,1
7,100,86.39,97.47,203171.0,0.15026308438343192,235177.0,0.10892656428119342,261513.0,268300.0,11.08,0.0,7,0,1
13,97,71.63,96.46,15642.0,0.16373521667936705,21836.0,0.14892317515818665,18938.0,19632.0,24.83,0.0,7,0,1
12,99,73.83,97.72,16178.0,0.17746646481060385,21912.0,0.15692531071905025,18469.0,18899.0,23.89,0.0,2,0,1
7,100,91.07,98.87,185275.0,0.15737100206111448,203452.0,0.10808599417243833,230790.0,233426.0,7.8,0.0,2,0,1
12,99,99.48,100.14,13128.0,0.23705198950721632,13196.0,0.14686317719996178,12012.0,11995.0,0.66,0.0,1,2,0
26,97,99.28,99.32,91953.0,0.290678753988386,92620.0,0.17885372498129154,71383.0,71873.0,0.04,0.0,1,5,0
20,99,76.76,76.44,3065.0,0.18145334422807877,3993.0,0.11065681405652145,3442.0,4503.0,0.32,1.0,7,5,1
12,99,73.58,94.88,5928.0,0.20458105347860917,8057.0,0.1191607817729191,6082.0,8600.0,21.3,0.0,7,16,1
25,98,85.81,91.84,24144.0,0.20996316768354997,28136.0,0.13147518891903062,24283.0,27873.0,6.03,0.0,7,5,1
10,99,87.07,99.92,31217.0,0.06542285119422094,35853.0,0.05132470488783991,66703.0,66757.0,12.85,0.0,7,0,1
21,98,91.55,96.09,131469.0,0.14380715776786557,143601.0,0.09026366149067487,174501.0,187333.0,4.54,0.0,7,15,1
7,100,90.53,93.62,87691.0,0.19755531001286297,96862.0,0.1208137113582179,92394.0,102326.0,3.09,0.0,7,3,1
13,97,80.64,90.44,6820.0,0.19107370900477272,8457.0,0.12113906517993919,7369.0,8916.0,9.8,0.0,7,15,1
13,97,69.11,90.44,9992.0,0.19531870936099674,14459.0,0.13238694328077807,10619.0,14248.0,21.33,0.0,1,5,1
10,99,97.57,96.79,49912.0,0.12886605668166798,51154.0,0.07510899124560587,71405.0,75533.0,0.78,1.0,1,3,1
20,99,75.96,77.54,3390.0,0.18300332752604673,4463.0,0.11540685484344519,3783.0,4879.0,1.58,0.0,7,7,1
12,99,73.76,94.88,6986.0,0.20602616689643247,9471.0,0.1272287360706344,7129.0,9621.0,21.12,0.0,7,18,1
25,98,86.28,91.84,24020.0,0.20810276777634834,27840.0,0.1292850283292744,24324.0,27937.0,5.56,0.0,7,7,1
10,99,86.68,98.99,29511.0,0.07412555293193732,34046.0,0.057019364139958416,59059.0,59664.0,12.31,0.0,7,2,1
21,98,91.53,96.09,133162.0,0.15695021164289938,145485.0,0.09918074233721189,166192.0,177614.0,4.56,0.0,7,17,1
7,100,90.33,93.62,92002.0,0.1896220693847051,101849.0,0.11840417357904957,99979.0,109233.0,3.29,0.0,7,5,1
13,97,79.87,90.44,7453.0,0.1768582416989244,9331.0,0.11704830453823648,8530.0,10094.0,10.57,0.0,7,17,1
12,99,99.69,99.67,9202.0,0.26007273034608985,9231.0,0.15982623376920538,7820.0,7846.0,0.02,1.0,1,0,0
12,99,99.6,99.77,14234.0,0.2521565356057902,14291.0,0.15529377292281032,12400.0,12429.0,0.17,0.0,1,2,0
13,97,93.86,97.25,19852.0,0.3708845801031139,21150.0,0.23800147992198956,12563.0,12918.0,3.39,0.0,1,0,0
4,95,98.85,96.8,4202.0,0.27256805634614517,4251.0,0.1600579362133646,3438.0,3609.0,2.05,1.0,1,0,1
18,89,91.53,96.79,2625.0,0.1735751631902261,2868.0,0.11483122435313793,3046.0,3147.0,5.26,0.0,3,0,1
8,96,93.73,98.77,6204.0,0.1921174435293549,6619.0,0.12635960702671245,6676.0,6759.0,5.04,0.0,3,0,0
21,98,95.73,99.22,201193.0,0.20619448699117665,210173.0,0.1326458585101501,205183.0,206795.0,3.49,0.0,3,0,0
20,99,78.56,86.16,4456.0,0.1807756604764274,5672.0,0.12544575944519,5018.0,5824.0,7.6,0.0,5,3,1
12,99,73.24,94.88,6035.0,0.13782098013750216,8240.0,0.11110245946966575,8249.0,9265.0,21.64,0.0,5,4,1
21,98,90.76,97.52,196282.0,0.1820863006583848,216255.0,0.12295455829646453,219856.0,225449.0,6.76,0.0,5,3,1
7,100,90.97,94.98,92982.0,0.16768315092766453,102211.0,0.1090666029125187,110649.0,116497.0,4.01,0.0,5,3,1
13,97,80.77,90.44,8238.0,0.18861745372731573,10199.0,0.13269874927083333,8988.0,10032.0,9.67,0.0,5,3,1
21,98,97.26,97.58,93627.0,0.10254791496267637,96263.0,0.0628722942721631,155224.0,159080.0,0.32,0.0,1,5,1
12,99,99.41,98.61,20036.0,0.24236337896348356,20154.0,0.14740207131951377,18014.0,18267.0,0.8,1.0,1,0,0
26,97,99.21,99.35,86692.0,0.25433406758126165,87382.0,0.15660106312100827,75004.0,75491.0,0.14,0.0,1,1,1
12,99,74.26,94.88,6322.0,0.15748513003943476,8513.0,0.11844209827553896,7871.0,9128.0,20.62,0.0,3,6,1
21,98,90.56,96.15,189434.0,0.19302229175858188,209170.0,0.12818997276240787,203126.0,211267.0,5.59,0.0,3,5,1
13,97,80.05,90.44,6115.0,0.18415951500101455,7639.0,0.12109118599913427,6792.0,8056.0,10.39,0.0,3,5,1
9,92,92.48,99.14,2116.0,0.10485144201958603,2288.0,0.07143495205037911,3460.0,3490.0,6.66,0.0,1,2,1
13,97,87.61,90.44,7767.0,0.2668471201223873,8865.0,0.15286881747657538,6465.0,7807.0,2.83,0.0,1,10,1
5,95,95.31,98.59,9449.0,0.22209981929499836,9914.0,0.1424680961183211,9099.0,9229.0,3.28,0.0,8,0,0
20,99,81.3,87.12,12697.0,0.20834967666530535,15617.0,0.1399086967391705,12846.0,14745.0,5.82,0.0,8,0,1
12,99,91.86,98.2,21623.0,0.18917986628075428,23538.0,0.1268161416017783,23539.0,23970.0,6.34,0.0,8,0,1
25,98,92.68,97.54,20903.0,0.207050465150308,22553.0,0.13585592670364818,21250.0,21785.0,4.86,0.0,8,0,1
10,99,94.72,98.79,85307.0,0.1987033981930425,90062.0,0.12889079260237135,89488.0,90587.0,4.07,0.0,8,0,1
21,98,93.11,98.65,216729.0,0.19902295385727334,232767.0,0.13177521866591144,227074.0,230188.0,5.54,0.0,8,0,1
7,100,95.49,98.69,252985.0,0.20693252299768028,264938.0,0.13261926281468486,257297.0,260720.0,3.2,0.0,8,0,1
13,97,86.99,94.43,13265.0,0.2111631169925565,15249.0,0.14413159902027523,13283.0,14067.0,7.44,0.0,8,0,1
20,99,85.64,89.69,5556.0,0.2367976767527144,6488.0,0.1542505996579713,5088.0,5673.0,4.05,0.0,1,0,1
8,96,99.13,99.37,3771.0,0.13518299725542862,3804.0,0.08299967296583238,5223.0,5256.0,0.24,0.0,1,1,1
12,99,99.4,99.15,11155.0,0.2620170251944933,11222.0,0.1605461643195443,9423.0,9504.0,0.25,1.0,1,0,0
12,99,99.42,99.25,21710.0,0.2747694136284024,21837.0,0.16859088878365516,17647.0,17780.0,0.17,1.0,1,0,0
20,99,73.09,77.08,5873.0,0.20380899089494045,8035.0,0.13409447207470446,6043.0,7840.0,3.99,0.0,7,14,1
12,99,73.42,94.88,11351.0,0.18650937190852418,15461.0,0.12561590248398485,12489.0,15859.0,21.46,0.0,7,25,1
25,98,85.73,91.84,24365.0,0.22032996965947466,28420.0,0.13453001935590345,23609.0,27661.0,6.11,0.0,7,14,1
10,99,80.56,96.79,34400.0,0.1677629856324409,42703.0,0.12082753645887524,40922.0,45108.0,16.23,0.0,7,9,1
21,98,91.06,96.09,141515.0,0.20355131548923872,155405.0,0.12646334018266195,145752.0,158593.0,5.03,0.0,7,24,1
7,100,89.33,93.62,125296.0,0.18849623107877142,140255.0,0.12009369400574577,136769.0,148834.0,4.29,0.0,7,12,1
13,97,79.09,90.44,9496.0,0.19662813088565423,12006.0,0.12561671827845344,10041.0,12315.0,11.35,0.0,7,2,1
12,99,99.26,99.45,15910.0,0.2505959997221937,16029.0,0.15438212262962114,13929.0,14006.0,0.19,0.0,1,0,0
12,99,99.48,99.4,11495.0,0.256947901896534,11555.0,0.157760572012935,9864.0,9924.0,0.08,1.0,1,0,0
26,97,98.07,98.0,40787.0,0.16214062185140676,41590.0,0.09926225710284725,49731.0,50745.0,0.07,1.0,1,7,1
21,98,96.32,99.51,202723.0,0.20885484040010838,210459.0,0.13378036397778129,204721.0,205723.0,3.19,0.0,2,0,0
1,96,86.66,94.08,6839.0,0.20069598061182514,7892.0,0.11863190037114454,7120.0,8452.0,7.42,0.0,2,20,1
